1753,1,-2.129
1753,2,-0.974
1753,3,1.322
1753,4,-0.292
1753,5,0.825
1753,6,2.469
1753,7,1.089
1753,8,-0.259
1753,9,-0.346
1753,10,-0.414
1753,11,-0.928
1753,12,-1.095
1754,1,-1.261
1754,2,-3.160
1754,3,-1.486
1754,4,2.252
1754,5,0.898
1754,6,1.390
1754,7,0.250
1754,8,0.446
1754,9,-0.715
1754,10,0.733
1754,11,0.873
1754,12,0.315
1755,1,-2.943
1755,2,-2.090
1755,3,-0.409
1755,4,2.404
1755,5,0.751
1755,6,2.676
1755,7,0.240
1755,8,-0.665
1755,9,-0.686
1755,10,-1.019
1755,11,-0.047
1755,12,-1.385
1756,1,0.931
1756,2,2.558
1756,3,-0.060
1756,4,1.180
1756,5,1.502
1756,6,1.689
1756,7,-0.092
1756,8,-0.479
1756,9,0.344
1756,10,-1.904
1756,11,-1.939
1756,12,-2.638
1757,1,-3.395
1757,2,0.354
1757,3,-0.242
1757,4,0.000
1757,5,1.735
1757,6,3.443
1757,7,3.257
1757,8,0.973
1757,9,0.746
1757,10,-3.041
1757,11,-1.610
1757,12,-2.616
1758,1,-4.311
1758,2,-0.994
1758,3,-0.118
1758,4,-0.814
1758,5,-0.915
1758,6,0.569
1758,7,-1.144
1758,8,-1.612
1758,9,-2.356
1758,10,-4.161
1758,11,-0.299
1758,12,-0.489
1759,1,1.232
1759,2,1.077
1759,3,-0.158
1759,4,-1.026
1759,5,-0.179
1759,6,0.268
1759,7,-0.275
1759,8,0.724
1759,9,0.677
1759,10,-0.172
1759,11,-2.375
1759,12,-3.282
1760,1,-2.470
1760,2,-0.540
1760,3,-2.256
1760,4,0.797
1760,5,-0.636
1760,6,-0.832
1760,7,-0.848
1760,8,-0.018
1760,9,-0.402
1760,10,-1.521
1760,11,-0.754
1760,12,-0.652
1761,1,-2.787
1761,2,0.780
1761,3,1.326
1761,4,-1.163
1761,5,1.649
1761,6,2.435
1761,7,4.024
1761,8,0.777
1761,9,-0.050
1761,10,-1.209
1761,11,-1.541
1761,12,-4.056
1762,1,2.655
1762,2,1.139
1762,3,-1.551
1762,4,1.374
1762,5,0.227
1762,6,0.750
1762,7,1.574
1762,8,-0.095
1762,9,-1.189
1762,10,-2.393
1762,11,-0.495
1762,12,-2.491
1763,1,-2.334
1763,2,0.068
1763,3,-2.191
1763,4,-0.043
1763,5,-1.367
1763,6,-0.494
1763,7,1.081
1763,8,0.454
1763,9,-1.060
1763,10,-3.284
1763,11,-1.312
1763,12,0.495
1764,1,0.077
1764,2,2.164
1764,3,-0.466
1764,4,-0.960
1764,5,0.064
1764,6,0.081
1764,7,-1.689
1764,8,-0.930
1764,9,-0.939
1764,10,-0.360
1764,11,0.162
1764,12,2.277
1765,1,2.147
1765,2,0.020
1765,3,1.160
1765,4,0.566
1765,5,0.416
1765,6,-0.793
1765,7,-0.655
1765,8,-0.243
1765,9,-0.258
1765,10,-0.918
1765,11,-0.356
1765,12,-1.107
1766,1,-4.280
1766,2,0.311
1766,3,-0.050
1766,4,0.112
1766,5,-0.191
1766,6,0.650
1766,7,-1.056
1766,8,1.168
1766,9,0.889
1766,10,-0.273
1766,11,1.927
1766,12,-0.492
1767,1,-2.644
1767,2,1.646
1767,3,1.419
1767,4,-1.076
1767,5,-0.523
1767,6,0.721
1767,7,-0.506
1767,8,0.961
1767,9,-0.163
1767,10,-0.148
1767,11,2.032
1767,12,-1.330
1768,1,-3.164
1768,2,-0.825
1768,3,-2.296
1768,4,0.151
1768,5,-0.989
1768,6,-0.639
1768,7,-0.492
1768,8,-0.352
1768,9,-0.737
1768,10,-0.643
1768,11,-0.024
1768,12,-0.257
1769,1,-0.223
1769,2,-0.553
1769,3,-0.896
1769,4,0.705
1769,5,1.595
1769,6,1.543
1769,7,0.225
1769,8,0.608
1769,9,-0.489
1769,10,-3.451
1769,11,-0.716
1769,12,-1.703
1770,1,-0.592
1770,2,0.888
1770,3,-1.983
1770,4,0.842
1770,5,-0.876
1770,6,-0.540
1770,7,-2.620
1770,8,-0.815
1770,9,-0.245
1770,10,-1.166
1770,11,0.847
1770,12,1.159
1771,1,2.301
1771,2,-1.561
1771,3,-0.764
1771,4,-2.064
1771,5,-0.634
1771,6,0.365
1771,7,0.426
1771,8,1.364
1771,9,-0.226
1771,10,0.795
1771,11,-0.374
1771,12,0.988
1772,1,-1.145
1772,2,-0.328
1772,3,-0.303
1772,4,1.060
1772,5,-0.858
1772,6,0.886
1772,7,0.605
1772,8,1.292
1772,9,-0.559
1772,10,0.775
1772,11,1.989
1772,12,2.542
1773,1,-2.021
1773,2,-1.791
1773,3,-0.612
1773,4,0.828
1773,5,0.275
1773,6,-0.107
1773,7,-0.289
1773,8,0.231
1773,9,0.474
1773,10,-0.332
1773,11,-1.622
1773,12,1.265
1774,1,-1.528
1774,2,1.340
1774,3,0.956
1774,4,1.695
1774,5,3.427
1774,6,1.752
1774,7,1.600
1774,8,1.658
1774,9,-0.637
1774,10,-1.301
1774,11,-1.738
1774,12,-2.468
1775,1,1.699
1775,2,2.918
1775,3,1.900
1775,4,0.461
1775,5,0.339
1775,6,-0.554
1775,7,0.344
1775,8,0.168
1775,9,-1.127
1775,10,-0.062
1775,11,1.518
1775,12,-1.620
1776,1,-2.301
1776,2,1.292
1776,3,0.371
1776,4,0.123
1776,5,-0.677
1776,6,0.991
1776,7,-0.083
1776,8,1.153
1776,9,-1.765
1776,10,-0.656
1776,11,-0.275
1776,12,1.061
1777,1,1.701
1777,2,0.661
1777,3,1.279
1777,4,-1.302
1777,5,-0.467
1777,6,-0.832
1777,7,-1.397
1777,8,-0.024
1777,9,-0.099
1777,10,-1.156
1777,11,0.034
1777,12,-0.995
1778,1,0.004
1778,2,1.708
1778,3,-0.716
1778,4,2.047
1778,5,0.405
1778,6,-0.733
1778,7,1.116
1778,8,-0.121
1778,9,0.115
1778,10,-1.169
1778,11,-1.389
1778,12,-0.676
1779,1,-2.521
1779,2,1.118
1779,3,0.752
1779,4,1.600
1779,5,2.237
1779,6,-0.772
1779,7,-0.143
1779,8,-0.080
1779,9,0.563
1779,10,-0.035
1779,11,-0.279
1779,12,0.200
1780,1,-1.600
1780,2,-0.119
1780,3,1.361
1780,4,3.752
1780,5,4.223
1780,6,2.339
1780,7,1.941
1780,8,0.110
1780,9,-1.571
1780,10,-0.296
1780,11,0.175
1780,12,-0.872
1781,1,-0.233
1781,2,0.166
1781,3,0.307
1781,4,-0.032
1781,5,1.006
1781,6,-0.546
1781,7,0.826
1781,8,0.240
1781,9,-1.769
1781,10,-0.665
1781,11,1.387
1781,12,1.482
1782,1,-1.085
1782,2,-3.268
1782,3,-1.795
1782,4,-0.266
1782,5,-0.729
1782,6,1.962
1782,7,0.708
1782,8,1.442
1782,9,-0.105
1782,10,-0.623
1782,11,-1.571
1782,12,-2.357
1783,1,-2.423
1783,2,2.092
1783,3,-0.109
1783,4,0.746
1783,5,0.372
1783,6,0.771
1783,7,0.076
1783,8,0.276
1783,9,-1.789
1783,10,-1.367
1783,11,-2.105
1783,12,-0.142
1784,1,0.317
1784,2,-2.095
1784,3,-0.282
1784,4,-0.367
1784,5,0.816
1784,6,0.672
1784,7,1.293
1784,8,1.323
1784,9,-0.055
1784,10,-2.393
1784,11,-0.686
1784,12,-2.096
1785,1,-0.343
1785,2,-1.933
1785,3,-3.811
1785,4,-0.658
1785,5,0.215
1785,6,1.961
1785,7,0.554
1785,8,0.300
1785,9,-0.279
1785,10,-1.999
1785,11,-0.110
1785,12,-0.867
1786,1,-1.300
1786,2,0.252
1786,3,-0.105
1786,4,0.812
1786,5,1.004
1786,6,0.992
1786,7,0.868
1786,8,0.969
1786,9,0.799
1786,10,-2.057
1786,11,-0.959
1786,12,-2.575
1787,1,0.694
1787,2,1.375
1787,3,1.174
1787,4,-0.029
1787,5,-0.303
1787,6,0.417
1787,7,-1.362
1787,8,0.299
1787,9,-1.097
1787,10,-1.074
1787,11,-0.041
1787,12,-0.412
1788,1,-1.140
1788,2,1.844
1788,3,1.121
1788,4,1.127
1788,5,0.610
1788,6,1.297
1788,7,2.016
1788,8,0.648
1788,9,-0.251
1788,10,-0.098
1788,11,-0.530
1788,12,-1.263
1789,1,0.427
1789,2,0.677
1789,3,-1.221
1789,4,-0.755
1789,5,0.417
1789,6,-0.998
1789,7,-1.186
1789,8,-0.569
1789,9,-1.098
1789,10,-2.139
1789,11,-1.961
1789,12,-0.488
1790,1,-0.097
1790,2,0.467
1790,3,0.333
1790,4,-0.887
1790,5,-0.914
1790,6,0.914
1790,7,-0.242
1790,8,0.528
1790,9,-0.531
1790,10,0.076
1790,11,-0.216
1790,12,0.216
1791,1,0.642
1791,2,-0.490
1791,3,0.441
1791,4,1.452
1791,5,-1.002
1791,6,-0.545
1791,7,-0.513
1791,8,0.918
1791,9,0.813
1791,10,-0.688
1791,11,-0.287
1791,12,-0.412
1792,1,-0.271
1792,2,1.267
1792,3,0.409
1792,4,0.839
1792,5,0.288
1792,6,0.505
1792,7,-0.444
1792,8,-0.603
1792,9,-0.532
1792,10,-0.289
1792,11,-0.503
1792,12,-0.172
1793,1,-2.322
1793,2,1.119
1793,3,-0.197
1793,4,-0.599
1793,5,-0.012
1793,6,0.015
1793,7,1.393
1793,8,0.438
1793,9,-0.090
1793,10,-0.459
1793,11,0.561
1793,12,0.958
1794,1,-0.253
1794,2,1.397
1794,3,0.982
1794,4,1.212
1794,5,-0.301
1794,6,-1.633
1794,7,-1.008
1794,8,-0.713
1794,9,-1.356
1794,10,-0.042
1794,11,0.643
1794,12,-0.732
1795,1,-0.203
1795,2,0.841
1795,3,0.585
1795,4,0.388
1795,5,1.046
1795,6,-0.056
1795,7,-0.042
1795,8,0.407
1795,9,-0.035
1795,10,-0.541
1795,11,-0.862
1795,12,0.129
1796,1,-0.095
1796,2,-0.120
1796,3,-1.352
1796,4,0.405
1796,5,0.003
1796,6,0.893
1796,7,-0.286
1796,8,1.138
1796,9,0.474
1796,10,-0.285
1796,11,0.101
1796,12,-2.597
1797,1,1.061
1797,2,0.720
1797,3,-1.281
1797,4,-1.151
1797,5,-0.514
1797,6,-0.219
1797,7,0.071
1797,8,0.234
1797,9,-0.681
1797,10,-1.209
1797,11,-1.389
1797,12,0.183
1798,1,0.490
1798,2,-0.810
1798,3,0.441
1798,4,0.423
1798,5,0.125
1798,6,0.286
1798,7,0.492
1798,8,1.147
1798,9,-0.803
1798,10,-0.933
1798,11,0.221
1798,12,-0.250
1799,1,-0.569
1799,2,1.613
1799,3,-0.397
1799,4,-1.608
1799,5,-0.849
1799,6,-0.182
1799,7,0.211
1799,8,-0.418
1799,9,0.287
1799,10,-0.098
1799,11,-0.772
1799,12,-1.144
1800,1,1.147
1800,2,0.303
1800,3,-0.577
1800,4,0.581
1800,5,-0.059
1800,6,0.183
1800,7,1.524
1800,8,1.323
1800,9,-0.363
1800,10,0.588
1800,11,0.538
1800,12,0.063
1801,1,1.233
1801,2,0.505
1801,3,1.699
1801,4,-0.174
1801,5,0.204
1801,6,0.316
1801,7,-0.508
1801,8,-0.172
1801,9,-0.498
1801,10,-0.565
1801,11,-0.254
1801,12,0.872
1802,1,-0.621
1802,2,0.049
1802,3,0.469
1802,4,0.232
1802,5,-0.059
1802,6,1.960
1802,7,0.069
1802,8,1.542
1802,9,0.585
1802,10,0.320
1802,11,0.141
1802,12,-0.336
1803,1,-0.802
1803,2,-2.810
1803,3,-0.278
1803,4,1.091
1803,5,0.169
1803,6,1.136
1803,7,1.156
1803,8,1.866
1803,9,-0.034
1803,10,-0.442
1803,11,0.339
1803,12,0.060
1804,1,1.512
1804,2,-1.378
1804,3,-0.032
1804,4,1.399
1804,5,1.531
1804,6,2.409
1804,7,0.741
1804,8,0.475
1804,9,0.124
1804,10,-0.670
1804,11,1.179
1804,12,-0.500
1805,1,0.216
1805,2,0.011
1805,3,0.183
1805,4,-0.643
1805,5,-0.115
1805,6,0.301
1805,7,-0.514
1805,8,1.519
1805,9,0.548
1805,10,-1.309
1805,11,-0.833
1805,12,-1.134
1806,1,-0.255
1806,2,0.150
1806,3,0.102
1806,4,-1.449
1806,5,-0.151
1806,6,0.671
1806,7,0.977
1806,8,1.416
1806,9,-0.212
1806,10,-0.580
1806,11,0.438
1806,12,0.782
1807,1,-1.283
1807,2,0.091
1807,3,-1.871
1807,4,-0.515
1807,5,-0.497
1807,6,0.536
1807,7,0.172
1807,8,0.123
1807,9,0.098
1807,10,0.696
1807,11,-1.713
1807,12,-0.981
1808,1,-1.392
1808,2,-2.324
1808,3,-0.902
1808,4,-0.783
1808,5,0.845
1808,6,0.366
1808,7,1.894
1808,8,-0.287
1808,9,-1.647
1808,10,-3.356
1808,11,-1.299
1808,12,-2.345
1809,1,0.332
1809,2,1.389
1809,3,-1.019
1809,4,-2.439
1809,5,-0.861
1809,6,-0.880
1809,7,-2.262
1809,8,-1.080
1809,9,-1.921
1809,10,-0.320
1809,11,-1.576
1809,12,-1.321
1810,1,-3.101
1810,2,-1.240
1810,3,1.326
1810,4,-0.462
1810,5,-1.501
1810,6,-0.727
1810,7,-2.528
1810,8,-1.263
1810,9,-1.971
1810,10,-1.953
1810,11,-2.144
1810,12,-0.628
1811,1,-0.969
1811,2,-0.180
1811,3,0.228
1811,4,-0.584
1811,5,-1.372
1811,6,-1.386
1811,7,-2.916
1811,8,-1.497
1811,9,-0.832
1811,10,-1.563
1811,11,-0.816
1811,12,-0.857
1812,1,-2.650
1812,2,-1.256
1812,3,-2.726
1812,4,-1.081
1812,5,-1.651
1812,6,-0.367
1812,7,-0.689
1812,8,0.144
1812,9,-0.776
1812,10,-1.243
1812,11,0.036
1812,12,-0.588
1813,1,-2.106
1813,2,0.245
1813,3,-1.329
1813,4,-0.448
1813,5,-0.639
1813,6,-1.079
1813,7,-1.904
1813,8,-0.879
1813,9,-1.260
1813,10,-0.878
1813,11,0.120
1813,12,-0.142
1814,1,-2.485
1814,2,-1.161
1814,3,-2.006
1814,4,-0.879
1814,5,-2.299
1814,6,0.075
1814,7,-2.029
1814,8,-1.018
1814,9,-1.624
1814,10,-2.408
1814,11,0.439
1814,12,1.678
1815,1,-1.575
1815,2,0.195
1815,3,-0.204
1815,4,-0.812
1815,5,-0.350
1815,6,-1.812
1815,7,0.133
1815,8,-0.418
1815,9,-0.085
1815,10,-1.295
1815,11,-1.690
1815,12,-1.203
1816,1,-0.509
1816,2,-2.816
1816,3,-1.522
1816,4,-0.899
1816,5,-0.335
1816,6,-1.735
1816,7,-2.830
1816,8,-1.479
1816,9,-1.570
1816,10,-0.683
1816,11,-0.594
1816,12,-0.195
1817,1,0.641
1817,2,2.332
1817,3,1.724
1817,4,-0.472
1817,5,-1.388
1817,6,-0.729
1817,7,-1.772
1817,8,-1.495
1817,9,-1.336
1817,10,-1.306
1817,11,1.806
1817,12,0.026
1818,1,0.736
1818,2,0.480
1818,3,1.143
1818,4,0.685
1818,5,-1.162
1818,6,0.625
1818,7,-0.234
1818,8,-0.583
1818,9,-0.818
1818,10,-0.514
1818,11,1.368
1818,12,-0.246
1819,1,0.381
1819,2,0.078
1819,3,-0.003
1819,4,0.343
1819,5,-0.505
1819,6,-0.901
1819,7,-0.901
1819,8,-1.474
1819,9,-1.060
1819,10,-0.940
1819,11,-1.784
1819,12,-0.942
1820,1,-1.823
1820,2,-0.975
1820,3,-1.084
1820,4,1.017
1820,5,0.379
1820,6,0.265
1820,7,-0.690
1820,8,-1.024
1820,9,-1.272
1820,10,-2.399
1820,11,-1.788
1820,12,-0.048
1821,1,0.953
1821,2,-0.347
1821,3,0.121
1821,4,-0.818
1821,5,-0.673
1821,6,-0.742
1821,7,-0.247
1821,8,1.132
1821,9,0.913
1821,10,-0.210
1821,11,0.907
1821,12,1.059
1822,1,-0.990
1822,2,0.800
1822,3,2.246
1822,4,0.302
1822,5,0.054
1822,6,1.528
1822,7,0.164
1822,8,-0.560
1822,9,-0.790
1822,10,-1.426
1822,11,-0.380
1822,12,-2.391
1823,1,-0.052
1823,2,0.165
1823,3,-0.792
1823,4,-1.604
1823,5,0.870
1823,6,-1.043
1823,7,-0.503
1823,8,-0.005
1823,9,0.210
1823,10,-2.161
1823,11,-0.141
1823,12,0.368
1824,1,-1.516
1824,2,-0.042
1824,3,-0.356
1824,4,-0.294
1824,5,-0.585
1824,6,-0.685
1824,7,0.894
1824,8,-0.505
1824,9,-0.368
1824,10,-0.523
1824,11,1.598
1824,12,2.107
1825,1,-0.122
1825,2,0.015
1825,3,-0.553
1825,4,0.953
1825,5,-0.366
1825,6,0.551
1825,7,0.315
1825,8,0.414
1825,9,0.748
1825,10,-0.544
1825,11,-1.095
1825,12,-0.055
1826,1,-1.512
1826,2,0.072
1826,3,0.826
1826,4,0.727
1826,5,-0.155
1826,6,0.501
1826,7,0.316
1826,8,0.471
1826,9,-1.020
1826,10,-0.631
1826,11,-0.808
1826,12,-0.503
1827,1,-1.421
1827,2,-1.388
1827,3,0.998
1827,4,1.217
1827,5,-0.079
1827,6,0.102
1827,7,1.070
1827,8,-0.296
1827,9,-0.981
1827,10,-1.144
1827,11,-0.433
1827,12,-0.168
1828,1,0.654
1828,2,-0.252
1828,3,0.620
1828,4,0.452
1828,5,-0.114
1828,6,0.948
1828,7,-1.230
1828,8,-1.197
1828,9,-1.156
1828,10,-0.861
1828,11,0.805
1828,12,1.099
1829,1,-1.245
1829,2,0.055
1829,3,0.230
1829,4,-0.238
1829,5,0.242
1829,6,0.189
1829,7,-0.062
1829,8,-0.153
1829,9,-2.557
1829,10,-2.043
1829,11,0.003
1829,12,-1.806
1830,1,-2.747
1830,2,-0.431
1830,3,1.461
1830,4,1.608
1830,5,0.189
1830,6,-0.747
1830,7,1.151
1830,8,-0.390
1830,9,-1.950
1830,10,-0.129
1830,11,0.634
1830,12,-0.468
1831,1,0.020
1831,2,1.037
1831,3,1.161
1831,4,-0.100
1831,5,0.018
1831,6,1.248
1831,7,-0.022
1831,8,-0.497
1831,9,-1.498
1831,10,-0.036
1831,11,0.223
1831,12,-0.710
1832,1,-1.626
1832,2,-1.639
1832,3,-0.935
1832,4,-0.092
1832,5,0.285
1832,6,-0.141
1832,7,1.000
1832,8,0.042
1832,9,-0.614
1832,10,-0.174
1832,11,-1.140
1832,12,-0.946
1833,1,-0.810
1833,2,0.790
1833,3,-1.898
1833,4,-0.424
1833,5,0.647
1833,6,0.766
1833,7,-1.258
1833,8,-0.785
1833,9,-1.674
1833,10,-1.719
1833,11,0.421
1833,12,0.300
1834,1,0.956
1834,2,-0.086
1834,3,1.172
1834,4,0.932
1834,5,0.593
1834,6,1.341
1834,7,-0.283
1834,8,-0.958
1834,9,0.951
1834,10,0.217
1834,11,0.394
1834,12,0.352
1835,1,0.513
1835,2,0.476
1835,3,-0.005
1835,4,0.430
1835,5,-0.260
1835,6,-0.560
1835,7,0.727
1835,8,-0.544
1835,9,-1.944
1835,10,-1.878
1835,11,-0.944
1835,12,-2.333
1836,1,-0.351
1836,2,-1.333
1836,3,0.307
1836,4,-0.589
1836,5,-1.119
1836,6,1.057
1836,7,1.619
1836,8,0.434
1836,9,-1.954
1836,10,-0.900
1836,11,-0.683
1836,12,-0.646
1837,1,-0.765
1837,2,1.028
1837,3,-2.329
1837,4,-2.348
1837,5,-0.866
1837,6,1.425
1837,7,0.937
1837,8,0.908
1837,9,-1.453
1837,10,-0.518
1837,11,-0.863
1837,12,1.009
1838,1,-1.164
1838,2,-0.416
1838,3,0.175
1838,4,-0.697
1838,5,-0.547
1838,6,0.119
1838,7,0.773
1838,8,1.026
1838,9,-0.934
1838,10,-1.040
1838,11,0.297
1838,12,-1.182
1839,1,-1.829
1839,2,-0.456
1839,3,-0.369
1839,4,-0.018
1839,5,-0.506
1839,6,0.482
1839,7,0.193
1839,8,1.195
1839,9,-1.684
1839,10,-1.795
1839,11,-0.963
1839,12,0.283
1840,1,-0.202
1840,2,-0.779
1840,3,-2.224
1840,4,-1.151
1840,5,0.103
1840,6,2.434
1840,7,0.352
1840,8,0.428
1840,9,-1.515
1840,10,-0.966
1840,11,-0.701
1840,12,-1.941
1841,1,-1.627
1841,2,-0.456
1841,3,0.897
1841,4,-0.315
1841,5,0.380
1841,6,-0.428
1841,7,-0.969
1841,8,0.417
1841,9,-0.480
1841,10,-1.386
1841,11,-0.036
1841,12,-0.613
1842,1,-2.828
1842,2,0.123
1842,3,1.445
1842,4,-1.377
1842,5,0.696
1842,6,2.714
1842,7,0.976
1842,8,0.119
1842,9,-1.413
1842,10,-2.387
1842,11,-1.110
1842,12,-0.337
1843,1,-0.018
1843,2,0.537
1843,3,-0.159
1843,4,0.786
1843,5,-0.490
1843,6,-0.965
1843,7,0.017
1843,8,0.167
1843,9,0.020
1843,10,0.285
1843,11,-1.383
1843,12,0.059
1844,1,-0.784
1844,2,-0.989
1844,3,-0.185
1844,4,0.736
1844,5,-0.677
1844,6,0.848
1844,7,0.727
1844,8,-0.343
1844,9,-0.622
1844,10,-1.420
1844,11,-0.379
1844,12,-1.215
1845,1,-0.526
1845,2,-2.118
1845,3,-0.981
1845,4,-0.270
1845,5,-1.254
1845,6,-0.072
1845,7,-0.724
1845,8,-0.711
1845,9,-0.722
1845,10,-0.614
1845,11,0.184
1845,12,-0.909
1846,1,1.170
1846,2,1.351
1846,3,0.832
1846,4,-0.573
1846,5,0.292
1846,6,2.387
1846,7,1.511
1846,8,0.442
1846,9,0.473
1846,10,-2.394
1846,11,-0.229
1846,12,-2.421
1847,1,0.487
1847,2,-1.292
1847,3,-0.681
1847,4,-0.642
1847,5,0.842
1847,6,0.265
1847,7,0.648
1847,8,-0.256
1847,9,-0.299
1847,10,-0.078
1847,11,-0.147
1847,12,-0.798
1848,1,-3.134
1848,2,0.289
1848,3,-1.219
1848,4,-0.444
1848,5,0.768
1848,6,-0.495
1848,7,0.595
1848,8,0.130
1848,9,-0.481
1848,10,-1.695
1848,11,-1.325
1848,12,0.069
1849,1,0.177
1849,2,0.369
1849,3,-0.479
1849,4,-1.209
1849,5,0.012
1849,6,0.412
1849,7,0.888
1849,8,0.288
1849,9,-1.592
1849,10,-0.629
1849,11,-0.679
1849,12,-0.989
1850,1,-1.418
1850,2,1.356
1850,3,0.304
1850,4,1.691
1850,5,-0.462
1850,6,0.959
1850,7,0.287
1850,8,0.415
1850,9,-0.190
1850,10,-1.256
1850,11,-0.241
1850,12,-0.267
1851,1,-0.266
1851,2,-0.999
1851,3,-0.725
1851,4,0.480
1851,5,-0.348
1851,6,1.120
1851,7,0.103
1851,8,1.265
1851,9,-0.391
1851,10,0.656
1851,11,-1.620
1851,12,0.276
1852,1,0.869
1852,2,-1.064
1852,3,0.445
1852,4,0.648
1852,5,-0.089
1852,6,-0.545
1852,7,0.345
1852,8,-0.250
1852,9,-0.502
1852,10,-0.136
1852,11,1.492
1852,12,1.832
1853,1,0.942
1853,2,-2.912
1853,3,-2.419
1853,4,0.639
1853,5,-2.076
1853,6,-0.664
1853,7,-0.572
1853,8,-0.017
1853,9,-0.697
1853,10,-1.436
1853,11,-0.643
1853,12,-2.082
1854,1,-0.719
1854,2,-0.504
1854,3,0.130
1854,4,0.847
1854,5,-0.631
1854,6,-0.948
1854,7,-0.441
1854,8,0.564
1854,9,1.116
1854,10,-0.132
1854,11,-1.106
1854,12,-1.882
1855,1,-2.297
1855,2,-0.035
1855,3,-1.252
1855,4,-0.543
1855,5,-2.332
1855,6,-1.459
1855,7,-0.761
1855,8,1.526
1855,9,-0.909
1855,10,-1.326
1855,11,-1.459
1855,12,-0.963
1856,1,1.302
1856,2,0.237
1856,3,0.333
1856,4,-0.696
1856,5,-0.526
1856,6,0.548
1856,7,0.671
1856,8,1.059
1856,9,-0.885
1856,10,-0.547
1856,11,-1.199
1856,12,-0.187
1857,1,-1.714
1857,2,-1.148
1857,3,-0.391
1857,4,-0.540
1857,5,-1.397
1857,6,0.507
1857,7,1.381
1857,8,-0.352
1857,9,-0.217
1857,10,-0.626
1857,11,0.599
1857,12,-0.467
1858,1,-2.423
1858,2,-0.182
1858,3,-0.309
1858,4,1.871
1858,5,0.408
1858,6,1.865
1858,7,-0.616
1858,8,-0.367
1858,9,0.330
1858,10,-0.229
1858,11,0.610
1858,12,-0.190
1859,1,-1.636
1859,2,-0.149
1859,3,0.539
1859,4,1.010
1859,5,-1.021
1859,6,-1.150
1859,7,1.622
1859,8,0.638
1859,9,-0.200
1859,10,-1.080
1859,11,-0.360
1859,12,-1.266
1860,1,0.621
1860,2,-3.095
1860,3,-0.852
1860,4,-1.188
1860,5,1.384
1860,6,-0.568
1860,7,-0.762
1860,8,-0.873
1860,9,-2.768
1860,10,0.168
1860,11,0.696
1860,12,0.383
1861,1,-1.617
1861,2,-0.800
1861,3,0.863
1861,4,-0.001
1861,5,0.069
1861,6,-0.198
1861,7,-1.057
1861,8,1.711
1861,9,0.075
1861,10,0.289
1861,11,-0.013
1861,12,-0.430
1862,1,-0.217
1862,2,-0.313
1862,3,0.205
1862,4,0.637
1862,5,-0.190
1862,6,0.429
1862,7,1.207
1862,8,-1.085
1862,9,-1.649
1862,10,0.126
1862,11,-1.645
1862,12,-0.603
1863,1,-0.598
1863,2,-0.386
1863,3,-0.368
1863,4,0.809
1863,5,-0.768
1863,6,0.100
1863,7,0.328
1863,8,0.035
1863,9,-1.353
1863,10,-1.088
1863,11,-0.185
1863,12,-0.725
1864,1,-0.618
1864,2,-0.880
1864,3,-0.542
1864,4,1.096
1864,5,2.424
1864,6,1.579
1864,7,0.214
1864,8,2.064
1864,9,0.121
1864,10,-0.603
1864,11,-0.465
1864,12,-1.593
1865,1,0.449
1865,2,-0.334
1865,3,-1.839
1865,4,1.142
1865,5,-0.253
1865,6,2.094
1865,7,0.166
1865,8,-1.186
1865,9,2.115
1865,10,-0.614
1865,11,-0.252
1865,12,-1.290
1866,1,-0.259
1866,2,0.121
1866,3,-1.682
1866,4,0.269
1866,5,-0.251
1866,6,-0.588
1866,7,-0.815
1866,8,0.585
1866,9,-1.318
1866,10,-0.375
1866,11,1.441
1866,12,1.261
1867,1,0.782
1867,2,1.891
1867,3,0.279
1867,4,1.912
1867,5,-0.453
1867,6,1.332
1867,7,-0.843
1867,8,-0.386
1867,9,-0.379
1867,10,-0.793
1867,11,0.314
1867,12,-1.511
1868,1,-0.557
1868,2,0.265
1868,3,0.896
1868,4,0.931
1868,5,1.951
1868,6,2.817
1868,7,-0.079
1868,8,-0.144
1868,9,-1.188
1868,10,-1.721
1868,11,-0.665
1868,12,2.437
1869,1,0.535
1869,2,0.958
1869,3,-2.093
1869,4,0.839
1869,5,-1.086
1869,6,0.356
1869,7,0.241
1869,8,0.653
1869,9,-0.191
1869,10,-0.323
1869,11,-0.580
1869,12,-1.456
1870,1,-1.888
1870,2,-0.243
1870,3,0.245
1870,4,1.690
1870,5,1.663
1870,6,3.034
1870,7,1.198
1870,8,-0.704
1870,9,0.705
1870,10,0.640
1870,11,-1.153
1870,12,-1.534
1871,1,-2.653
1871,2,1.101
1871,3,0.194
1871,4,2.166
1871,5,0.457
1871,6,-1.505
1871,7,0.056
1871,8,0.371
1871,9,-1.538
1871,10,-0.122
1871,11,-0.593
1871,12,-2.789
1872,1,0.332
1872,2,0.509
1872,3,0.190
1872,4,-0.160
1872,5,-1.743
1872,6,0.632
1872,7,-0.403
1872,8,0.414
1872,9,-0.364
1872,10,-3.229
1872,11,-0.644
1872,12,-0.967
1873,1,0.190
1873,2,-1.490
1873,3,-0.967
1873,4,-0.765
1873,5,1.377
1873,6,0.311
1873,7,0.377
1873,8,0.607
1873,9,-0.074
1873,10,-1.396
1873,11,-0.303
1873,12,-1.203
1874,1,0.220
1874,2,0.246
1874,3,0.517
1874,4,0.737
1874,5,0.025
1874,6,-0.767
1874,7,0.193
1874,8,0.640
1874,9,-0.489
1874,10,-0.501
1874,11,0.367
1874,12,-1.935
1875,1,0.596
1875,2,-1.291
1875,3,-0.291
1875,4,0.129
1875,5,2.400
1875,6,-0.034
1875,7,-1.913
1875,8,0.995
1875,9,1.351
1875,10,0.244
1875,11,0.880
1875,12,-2.517
1876,1,-2.151
1876,2,0.660
1876,3,-0.872
1876,4,-1.130
1876,5,-1.255
1876,6,-1.593
1876,7,2.656
1876,8,1.077
1876,9,0.464
1876,10,-0.205
1876,11,1.456
1876,12,1.402
1877,1,1.481
1877,2,0.322
1877,3,-0.425
1877,4,0.017
1877,5,0.023
1877,6,0.564
1877,7,0.572
1877,8,0.181
1877,9,-0.929
1877,10,-0.386
1877,11,0.525
1877,12,-0.509
1878,1,-1.282
1878,2,0.320
1878,3,0.558
1878,4,0.952
1878,5,0.098
1878,6,-0.248
1878,7,0.217
1878,8,-0.801
1878,9,1.089
1878,10,-0.277
1878,11,-2.408
1878,12,-0.508
1879,1,0.714
1879,2,-0.140
1879,3,-0.678
1879,4,-2.310
1879,5,-1.328
1879,6,-1.084
1879,7,-0.854
1879,8,-0.071
1879,9,-2.215
1879,10,-0.450
1879,11,1.340
1879,12,-2.252
1880,1,-1.973
1880,2,0.545
1880,3,1.535
1880,4,-1.306
1880,5,-1.121
1880,6,-1.901
1880,7,-1.289
1880,8,-0.689
1880,9,0.557
1880,10,0.391
1880,11,-0.912
1880,12,0.134
1881,1,0.223
1881,2,0.925
1881,3,1.755
1881,4,0.148
1881,5,0.323
1881,6,0.033
1881,7,1.367
1881,8,1.471
1881,9,-0.468
1881,10,-1.255
1881,11,1.537
1881,12,-1.045
1882,1,-0.198
1882,2,0.910
1882,3,0.858
1882,4,-0.151
1882,5,-0.863
1882,6,-0.651
1882,7,-1.269
1882,8,-0.048
1882,9,-2.806
1882,10,-1.359
1882,11,0.054
1882,12,-0.639
1883,1,0.170
1883,2,0.411
1883,3,-2.485
1883,4,-0.784
1883,5,-1.609
1883,6,-2.059
1883,7,-1.802
1883,8,0.421
1883,9,-1.328
1883,10,-1.621
1883,11,0.242
1883,12,-1.852
1884,1,0.799
1884,2,-0.063
1884,3,-0.210
1884,4,-2.399
1884,5,-0.300
1884,6,-0.704
1884,7,-0.271
1884,8,0.825
1884,9,-1.351
1884,10,-1.184
1884,11,-0.537
1884,12,-1.270
1885,1,-1.934
1885,2,1.906
1885,3,-0.936
1885,4,-2.498
1885,5,-0.822
1885,6,-0.431
1885,7,-1.009
1885,8,-1.387
1885,9,-0.975
1885,10,-2.791
1885,11,0.041
1885,12,-0.516
1886,1,-1.914
1886,2,-0.810
1886,3,1.116
1886,4,-0.485
1886,5,-1.195
1886,6,-0.591
1886,7,-0.077
1886,8,-0.002
1886,9,-0.472
1886,10,-2.070
1886,11,-1.438
1886,12,-0.132
1887,1,-0.665
1887,2,-1.334
1887,3,0.438
1887,4,-1.339
1887,5,-0.711
1887,6,2.354
1887,7,0.600
1887,8,0.510
1887,9,-1.310
1887,10,-2.596
1887,11,-0.831
1887,12,-1.701
1888,1,-0.816
1888,2,-3.131
1888,3,-1.942
1888,4,-1.799
1888,5,0.594
1888,6,-0.754
1888,7,-2.217
1888,8,-0.758
1888,9,0.108
1888,10,-0.269
1888,11,-0.288
1888,12,0.636
1889,1,-1.519
1889,2,-0.874
1889,3,-1.573
1889,4,-2.333
1889,5,-1.784
1889,6,-1.822
1889,7,-1.098
1889,8,-0.897
1889,9,0.326
1889,10,-2.292
1889,11,0.560
1889,12,-2.368
1890,1,0.233
1890,2,-1.441
1890,3,-1.888
1890,4,-1.014
1890,5,-2.421
1890,6,1.034
1890,7,-1.089
1890,8,-1.472
1890,9,-0.590
1890,10,0.234
1890,11,-1.056
1890,12,-2.337
1891,1,-2.750
1891,2,0.221
1891,3,-1.167
1891,4,-0.127
1891,5,-1.850
1891,6,-0.311
1891,7,-0.619
1891,8,-1.403
1891,9,-0.574
1891,10,-1.057
1891,11,-0.185
1891,12,0.305
1892,1,-1.062
1892,2,-0.226
1892,3,-0.421
1892,4,-0.159
1892,5,0.233
1892,6,0.494
1892,7,-0.845
1892,8,-0.148
1892,9,0.101
1892,10,-2.203
1892,11,0.246
1892,12,-1.034
1893,1,-1.427
1893,2,0.487
1893,3,2.512
1893,4,1.535
1893,5,1.336
1893,6,1.061
1893,7,0.487
1893,8,1.546
1893,9,-0.809
1893,10,0.063
1893,11,-0.738
1893,12,-0.883
1894,1,-1.213
1894,2,-0.305
1894,3,-0.225
1894,4,-1.338
1894,5,-1.540
1894,6,0.478
1894,7,-0.605
1894,8,-0.148
1894,9,-1.418
1894,10,-0.094
1894,11,0.038
1894,12,0.068
1895,1,-1.858
1895,2,1.123
1895,3,-1.297
1895,4,0.165
1895,5,0.469
1895,6,0.434
1895,7,-0.349
1895,8,0.244
1895,9,1.235
1895,10,0.401
1895,11,2.478
1895,12,1.171
1896,1,-0.527
1896,2,0.236
1896,3,0.583
1896,4,1.560
1896,5,0.099
1896,6,-0.297
1896,7,0.419
1896,8,-0.910
1896,9,-0.488
1896,10,-3.460
1896,11,-2.680
1896,12,-0.520
1897,1,-1.691
1897,2,1.346
1897,3,2.052
1897,4,0.226
1897,5,-0.096
1897,6,1.776
1897,7,1.126
1897,8,-0.410
1897,9,-1.002
1897,10,0.395
1897,11,1.422
1897,12,0.695
1898,1,0.125
1898,2,0.220
1898,3,-1.466
1898,4,-0.621
1898,5,-0.911
1898,6,-0.053
1898,7,1.494
1898,8,1.446
1898,9,1.603
1898,10,0.153
1898,11,-0.454
1898,12,-0.490
1899,1,-0.070
1899,2,1.788
1899,3,0.742
1899,4,2.047
1899,5,0.930
1899,6,0.087
1899,7,1.307
1899,8,1.429
1899,9,0.835
1899,10,2.589
1899,11,1.459
1899,12,0.217
1900,1,-0.711
1900,2,0.804
1900,3,-2.063
1900,4,1.233
1900,5,-0.890
1900,6,0.079
1900,7,1.076
1900,8,-0.572
1900,9,0.609
1900,10,0.098
1900,11,-0.644
1900,12,0.602
1901,1,-0.498
1901,2,-2.632
1901,3,-1.256
1901,4,0.807
1901,5,0.429
1901,6,1.877
1901,7,1.145
1901,8,1.170
1901,9,-1.115
1901,10,-1.510
1901,11,-1.308
1901,12,-1.813
1902,1,-0.209
1902,2,0.021
1902,3,0.916
1902,4,0.247
1902,5,-0.978
1902,6,-1.389
1902,7,-0.199
1902,8,-0.286
1902,9,-0.785
1902,10,-0.982
1902,11,0.292
1902,12,-0.368
1903,1,-0.577
1903,2,1.058
1903,3,0.219
1903,4,1.052
1903,5,-1.452
1903,6,-0.793
1903,7,0.012
1903,8,0.855
1903,9,-1.286
1903,10,-0.327
1903,11,0.571
1903,12,-1.824
1904,1,-0.980
1904,2,-0.494
1904,3,-1.588
1904,4,1.255
1904,5,1.578
1904,6,0.599
1904,7,-0.362
1904,8,0.530
1904,9,-1.340
1904,10,1.274
1904,11,-0.037
1904,12,1.144
1905,1,-0.951
1905,2,-1.025
1905,3,0.767
1905,4,1.221
1905,5,-0.028
1905,6,-1.123
1905,7,0.683
1905,8,-0.823
1905,9,-1.675
1905,10,-1.325
1905,11,-1.820
1905,12,-0.275
1906,1,0.039
1906,2,-1.619
1906,3,-0.539
1906,4,-1.055
1906,5,-0.327
1906,6,1.410
1906,7,0.132
1906,8,1.705
1906,9,0.433
1906,10,-0.127
1906,11,-0.352
1906,12,-1.156
1907,1,-1.152
1907,2,-1.575
1907,3,1.261
1907,4,-0.328
1907,5,-1.575
1907,6,0.350
1907,7,-1.212
1907,8,1.116
1907,9,0.914
1907,10,-2.484
1907,11,-0.534
1907,12,1.060
1908,1,-0.011
1908,2,-0.107
1908,3,-1.528
1908,4,-1.470
1908,5,1.584
1908,6,-0.527
1908,7,-0.049
1908,8,0.096
1908,9,0.183
1908,10,0.668
1908,11,1.075
1908,12,0.419
1909,1,-1.288
1909,2,-1.558
1909,3,-1.531
1909,4,1.544
1909,5,0.691
1909,6,-2.458
1909,7,0.206
1909,8,0.164
1909,9,-1.650
1909,10,0.139
1909,11,-0.428
1909,12,0.977
1910,1,-0.829
1910,2,0.373
1910,3,-1.268
1910,4,-0.691
1910,5,-1.610
1910,6,-0.532
1910,7,-1.291
1910,8,-0.584
1910,9,-0.106
1910,10,-0.523
1910,11,-0.226
1910,12,0.485
1911,1,-2.502
1911,2,0.236
1911,3,-1.478
1911,4,-1.516
1911,5,-0.799
1911,6,-1.412
1911,7,1.470
1911,8,0.848
1911,9,1.801
1911,10,-1.559
1911,11,-0.602
1911,12,1.025
1912,1,-0.406
1912,2,1.535
1912,3,0.733
1912,4,0.386
1912,5,1.259
1912,6,-0.676
1912,7,-2.854
1912,8,-2.634
1912,9,-0.736
1912,10,-1.267
1912,11,-0.448
1912,12,-0.924
1913,1,0.676
1913,2,-0.445
1913,3,-0.091
1913,4,-1.202
1913,5,-0.329
1913,6,1.898
1913,7,0.031
1913,8,-0.963
1913,9,-1.840
1913,10,-1.044
1913,11,0.532
1913,12,-0.983
1914,1,-1.810
1914,2,0.229
1914,3,-0.156
1914,4,0.534
1914,5,-0.020
1914,6,-1.621
1914,7,-1.367
1914,8,-0.028
1914,9,1.299
1914,10,-0.060
1914,11,-0.759
1914,12,-0.019
1915,1,-1.144
1915,2,-0.902
1915,3,0.478
1915,4,-0.915
1915,5,0.329
1915,6,0.173
1915,7,-0.001
1915,8,0.790
1915,9,-0.060
1915,10,-0.967
1915,11,-0.095
1915,12,1.291
1916,1,0.218
1916,2,-1.055
1916,3,-2.384
1916,4,-0.182
1916,5,0.334
1916,6,-0.419
1916,7,-0.907
1916,8,0.020
1916,9,-0.197
1916,10,0.646
1916,11,-0.298
1916,12,0.552
1917,1,-1.506
1917,2,-1.333
1917,3,-2.062
1917,4,-1.091
1917,5,-0.047
1917,6,0.003
1917,7,0.720
1917,8,-1.538
1917,9,1.167
1917,10,-1.452
1917,11,0.269
1917,12,-2.658
1918,1,0.870
1918,2,0.354
1918,3,-0.698
1918,4,-1.456
1918,5,0.642
1918,6,1.027
1918,7,-0.200
1918,8,1.503
1918,9,-1.333
1918,10,-2.560
1918,11,-0.261
1918,12,0.301
1919,1,-0.963
1919,2,1.132
1919,3,-0.849
1919,4,-0.841
1919,5,0.208
1919,6,2.263
1919,7,-0.758
1919,8,2.012
1919,9,-0.042
1919,10,-1.715
1919,11,-1.588
1919,12,-0.545
1920,1,0.157
1920,2,0.998
1920,3,0.080
1920,4,0.819
1920,5,1.627
1920,6,0.523
1920,7,-0.881
1920,8,0.257
1920,9,0.172
1920,10,-1.562
1920,11,-0.056
1920,12,-0.262
1921,1,0.392
1921,2,-0.479
1921,3,0.015
1921,4,0.156
1921,5,-0.325
1921,6,0.958
1921,7,1.442
1921,8,0.107
1921,9,0.085
1921,10,1.469
1921,11,-0.068
1921,12,-0.498
1922,1,-0.275
1922,2,0.090
1922,3,-1.765
1922,4,-1.115
1922,5,2.785
1922,6,0.012
1922,7,-0.599
1922,8,-0.155
1922,9,-1.458
1922,10,-0.303
1922,11,-0.039
1922,12,-0.654
1923,1,-1.776
1923,2,0.042
1923,3,0.723
1923,4,-2.241
1923,5,-0.453
1923,6,0.344
1923,7,0.948
1923,8,1.737
1923,9,-0.678
1923,10,1.181
1923,11,-1.587
1923,12,-1.610
1924,1,-0.005
1924,2,-2.453
1924,3,0.249
1924,4,0.480
1924,5,1.179
1924,6,0.894
1924,7,0.030
1924,8,-0.529
1924,9,-1.250
1924,10,-0.034
1924,11,-0.501
1924,12,0.413
1925,1,0.096
1925,2,-1.407
1925,3,-2.371
1925,4,-0.931
1925,5,-1.362
1925,6,-0.051
1925,7,-1.582
1925,8,0.115
1925,9,-0.359
1925,10,0.251
1925,11,-1.485
1925,12,1.246
1926,1,0.724
1926,2,2.558
1926,3,1.046
1926,4,-0.210
1926,5,-1.368
1926,6,-0.350
1926,7,0.560
1926,8,2.069
1926,9,3.249
1926,10,1.407
1926,11,-0.461
1926,12,-1.040
1927,1,-0.231
1927,2,-0.595
1927,3,-0.353
1927,4,1.286
1927,5,0.990
1927,6,0.580
1927,7,-1.932
1927,8,-0.589
1927,9,-1.354
1927,10,1.121
1927,11,-0.803
1927,12,0.517
1928,1,-0.555
1928,2,1.180
1928,3,-0.038
1928,4,-0.790
1928,5,-1.646
1928,6,0.548
1928,7,2.459
1928,8,0.426
1928,9,0.636
1928,10,-0.411
1928,11,-0.569
1928,12,-1.096
1929,1,-0.686
1929,2,0.462
1929,3,1.292
1929,4,1.182
1929,5,-0.834
1929,6,1.137
1929,7,0.512
1929,8,0.790
1929,9,0.635
1929,10,0.047
1929,11,0.367
1929,12,1.774
1930,1,0.440
1930,2,-1.895
1930,3,0.708
1930,4,-1.816
1930,5,0.305
1930,6,-0.803
1930,7,-1.100
1930,8,1.418
1930,9,0.653
1930,10,1.087
1930,11,1.067
1930,12,1.243
1931,1,0.053
1931,2,-0.136
1931,3,1.355
1931,4,0.396
1931,5,-0.636
1931,6,1.035
1931,7,-0.867
1931,8,-0.972
1931,9,-1.151
1931,10,0.236
1931,11,0.535
1931,12,-1.395
1932,1,-0.442
1932,2,-1.850
1932,3,0.393
1932,4,-1.464
1932,5,-1.022
1932,6,-0.916
1932,7,-1.284
1932,8,0.946
1932,9,-0.080
1932,10,-1.165
1932,11,0.501
1932,12,0.702
1933,1,-1.139
1933,2,-0.667
1933,3,0.371
1933,4,1.866
1933,5,2.071
1933,6,-0.575
1933,7,0.927
1933,8,2.354
1933,9,-0.478
1933,10,-0.626
1933,11,-1.786
1933,12,-2.705
1934,1,-1.604
1934,2,-1.480
1934,3,-1.989
1934,4,-1.644
1934,5,0.711
1934,6,1.238
1934,7,0.812
1934,8,-0.903
1934,9,0.601
1934,10,0.763
1934,11,-2.228
1934,12,2.063
1935,1,-1.595
1935,2,-0.792
1935,3,0.915
1935,4,0.236
1935,5,-2.138
1935,6,-0.514
1935,7,0.796
1935,8,0.014
1935,9,0.633
1935,10,-1.368
1935,11,-0.512
1935,12,0.804
1936,1,1.849
1936,2,1.203
1936,3,-0.278
1936,4,-0.005
1936,5,-1.832
1936,6,-1.838
1936,7,-1.036
1936,8,1.173
1936,9,0.507
1936,10,-1.262
1936,11,-0.870
1936,12,-1.309
1937,1,0.096
1937,2,1.523
1937,3,-1.294
1937,4,0.901
1937,5,-0.059
1937,6,-0.295
1937,7,0.784
1937,8,0.680
1937,9,-0.345
1937,10,-0.554
1937,11,1.259
1937,12,-0.718
1938,1,-0.275
1938,2,-0.494
1938,3,1.901
1938,4,1.231
1938,5,-0.750
1938,6,1.782
1938,7,-0.266
1938,8,-0.093
1938,9,-1.423
1938,10,0.500
1938,11,1.851
1938,12,-0.239
1939,1,1.265
1939,2,0.542
1939,3,-0.525
1939,4,-0.488
1939,5,-0.183
1939,6,-0.912
1939,7,-0.681
1939,8,-0.385
1939,9,0.304
1939,10,-1.291
1939,11,-0.027
1939,12,0.101
1940,1,-0.012
1940,2,1.576
1940,3,2.085
1940,4,0.702
1940,5,-0.490
1940,6,0.008
1940,7,-0.652
1940,8,1.793
1940,9,0.091
1940,10,-1.664
1940,11,-0.456
1940,12,-1.552
1941,1,-1.385
1941,2,0.237
1941,3,-0.254
1941,4,-0.377
1941,5,-1.997
1941,6,0.479
1941,7,0.015
1941,8,0.242
1941,9,1.583
1941,10,1.172
1941,11,-0.972
1941,12,-1.211
1942,1,-0.824
1942,2,-1.889
1942,3,1.011
1942,4,-0.172
1942,5,-0.075
1942,6,0.819
1942,7,0.150
1942,8,-0.227
1942,9,0.095
1942,10,0.756
1942,11,0.008
1942,12,0.601
1943,1,1.184
1943,2,-0.085
1943,3,0.398
1943,4,2.470
1943,5,1.501
1943,6,2.274
1943,7,-0.111
1943,8,1.495
1943,9,-1.278
1943,10,-0.966
1943,11,-1.248
1943,12,-0.382
1944,1,-0.468
1944,2,-1.900
1944,3,0.270
1944,4,1.773
1944,5,1.444
1944,6,1.402
1944,7,-0.079
1944,8,0.616
1944,9,0.449
1944,10,-1.930
1944,11,0.106
1944,12,-0.901
1945,1,-2.804
1945,2,0.981
1945,3,1.608
1945,4,3.909
1945,5,0.435
1945,6,1.736
1945,7,-0.310
1945,8,-0.840
1945,9,0.730
1945,10,1.677
1945,11,1.977
1945,12,1.147
1946,1,-1.053
1946,2,0.685
1946,3,-0.375
1946,4,0.044
1946,5,-2.530
1946,6,-0.231
1946,7,1.152
1946,8,-0.372
1946,9,-0.273
1946,10,0.646
1946,11,0.262
1946,12,-0.766
1947,1,-1.029
1947,2,-0.334
1947,3,0.578
1947,4,1.994
1947,5,-0.620
1947,6,0.795
1947,7,0.410
1947,8,0.750
1947,9,0.324
1947,10,1.266
1947,11,2.288
1947,12,-0.507
1948,1,1.237
1948,2,1.157
1948,3,2.981
1948,4,0.057
1948,5,-0.875
1948,6,1.169
1948,7,-0.238
1948,8,0.278
1948,9,1.468
1948,10,0.856
1948,11,2.427
1948,12,1.700
1949,1,0.352
1949,2,1.241
1949,3,0.311
1949,4,2.832
1949,5,-0.353
1949,6,1.422
1949,7,1.746
1949,8,2.672
1949,9,0.188
1949,10,0.972
1949,11,0.578
1949,12,0.223
1950,1,-0.561
1950,2,0.678
1950,3,1.079
1950,4,0.363
1950,5,-0.266
1950,6,0.784
1950,7,0.883
1950,8,-0.198
1950,9,-0.029
1950,10,0.568
1950,11,1.767
1950,12,-1.195
1951,1,-0.117
1951,2,-1.090
1951,3,-0.034
1951,4,0.265
1951,5,-2.306
1951,6,0.401
1951,7,-0.046
1951,8,-0.872
1951,9,0.373
1951,10,-0.995
1951,11,0.033
1951,12,1.101
1952,1,-1.641
1952,2,-0.012
1952,3,1.870
1952,4,0.197
1952,5,0.303
1952,6,1.006
1952,7,0.128
1952,8,-0.568
1952,9,-1.956
1952,10,0.189
1952,11,0.551
1952,12,0.277
1953,1,-0.788
1953,2,-0.902
1953,3,0.420
1953,4,0.157
1953,5,2.276
1953,6,-0.638
1953,7,0.223
1953,8,1.820
1953,9,0.682
1953,10,-0.661
1953,11,1.613
1953,12,2.173
1954,1,-1.889
1954,2,-1.371
1954,3,-0.552
1954,4,-0.329
1954,5,0.323
1954,6,-0.661
1954,7,0.033
1954,8,-1.171
1954,9,-0.035
1954,10,1.828
1954,11,1.838
1954,12,0.215
1955,1,2.482
1955,2,0.191
1955,3,-0.586
1955,4,2.360
1955,5,1.863
1955,6,0.565
1955,7,-0.017
1955,8,1.013
1955,9,1.029
1955,10,0.370
1955,11,0.639
1955,12,1.878
1956,1,0.507
1956,2,-3.892
1956,3,-0.535
1956,4,-0.507
1956,5,0.493
1956,6,0.065
1956,7,-0.707
1956,8,-1.294
1956,9,-1.427
1956,10,0.212
1956,11,-1.936
1956,12,-1.664
1957,1,-1.802
1957,2,1.158
1957,3,2.069
1957,4,-0.314
1957,5,-0.634
1957,6,-0.591
1957,7,0.772
1957,8,0.843
1957,9,1.168
1957,10,-0.495
1957,11,-0.564
1957,12,-1.870
1958,1,0.031
1958,2,1.683
1958,3,-0.194
1958,4,-0.152
1958,5,0.461
1958,6,-0.858
1958,7,-0.559
1958,8,-0.482
1958,9,0.624
1958,10,0.362
1958,11,0.051
1958,12,0.966
1959,1,1.428
1959,2,-0.271
1959,3,0.254
1959,4,0.000
1959,5,-0.155
1959,6,0.581
1959,7,1.031
1959,8,0.470
1959,9,-0.008
1959,10,-0.179
1959,11,-0.188
1959,12,0.647
1960,1,0.121
1960,2,0.651
1960,3,0.654
1960,4,1.141
1960,5,0.795
1960,6,1.525
1960,7,-0.172
1960,8,-1.033
1960,9,-0.333
1960,10,-1.849
1960,11,0.467
1960,12,-1.023
1961,1,-0.835
1961,2,2.330
1961,3,2.923
1961,4,0.762
1961,5,1.986
1961,6,0.889
1961,7,0.483
1961,8,1.792
1961,9,0.417
1961,10,-0.681
1961,11,-0.256
1961,12,1.672
1962,1,0.415
1962,2,-0.365
1962,3,-0.213
1962,4,0.528
1962,5,0.221
1962,6,1.400
1962,7,-0.514
1962,8,0.817
1962,9,0.874
1962,10,1.753
1962,11,-1.736
1962,12,-0.928
1963,1,-0.047
1963,2,-1.573
1963,3,-0.110
1963,4,0.062
1963,5,0.284
1963,6,-0.516
1963,7,0.240
1963,8,-0.976
1963,9,-0.784
1963,10,1.734
1963,11,0.849
1963,12,-0.588
1964,1,0.095
1964,2,0.746
1964,3,-0.480
1964,4,-0.243
1964,5,2.282
1964,6,0.826
1964,7,0.295
1964,8,0.809
1964,9,2.131
1964,10,-0.408
1964,11,-0.039
1964,12,-1.500
1965,1,-0.594
1965,2,-1.508
1965,3,0.636
1965,4,0.690
1965,5,2.009
1965,6,1.085
1965,7,-1.651
1965,8,0.392
1965,9,-1.921
1965,10,0.401
1965,11,-0.517
1965,12,0.670
1966,1,2.349
1966,2,1.505
1966,3,0.377
1966,4,0.308
1966,5,1.206
1966,6,-0.118
1966,7,-0.153
1966,8,-0.200
1966,9,1.488
1966,10,-1.269
1966,11,-2.162
1966,12,-0.308
1967,1,-0.600
1967,2,0.388
1967,3,1.805
1967,4,0.089
1967,5,-1.626
1967,6,0.475
1967,7,0.159
1967,8,-0.245
1967,9,-0.519
1967,10,0.757
1967,11,-0.075
1967,12,-1.132
1968,1,0.105
1968,2,0.127
1968,3,-0.400
1968,4,-0.739
1968,5,-0.252
1968,6,0.576
1968,7,0.048
1968,8,-0.022
1968,9,-0.807
1968,10,2.124
1968,11,1.174
1968,12,0.281
1969,1,0.837
1969,2,-1.243
1969,3,-0.329
1969,4,-0.418
1969,5,-1.184
1969,6,-0.668
1969,7,1.715
1969,8,0.654
1969,9,-2.011
1969,10,0.848
1969,11,-1.050
1969,12,-1.115
1970,1,1.165
1970,2,-0.267
1970,3,-1.518
1970,4,-0.094
1970,5,0.539
1970,6,-0.636
1970,7,0.442
1970,8,-0.761
1970,9,1.537
1970,10,-0.016
1970,11,2.314
1970,12,-2.514
1971,1,-0.557
1971,2,0.645
1971,3,-1.812
1971,4,-0.482
1971,5,-1.948
1971,6,-1.685
1971,7,0.058
1971,8,-1.552
1971,9,0.416
1971,10,2.309
1971,11,-1.219
1971,12,0.231
1972,1,-1.484
1972,2,-0.513
1972,3,-0.994
1972,4,-0.046
1972,5,-1.624
1972,6,-2.151
1972,7,-0.569
1972,8,-0.773
1972,9,-1.644
1972,10,-1.128
1972,11,0.590
1972,12,-0.048
1973,1,-0.655
1973,2,-0.715
1973,3,-0.259
1973,4,0.394
1973,5,-0.223
1973,6,0.571
1973,7,-0.825
1973,8,1.203
1973,9,-0.397
1973,10,-0.318
1973,11,0.820
1973,12,-1.141
1974,1,1.243
1974,2,-0.410
1974,3,-0.738
1974,4,-1.312
1974,5,0.030
1974,6,-0.023
1974,7,1.111
1974,8,-0.234
1974,9,-1.661
1974,10,-2.663
1974,11,0.061
1974,12,0.275
1975,1,0.750
1975,2,0.941
1975,3,-1.628
1975,4,-0.314
1975,5,-1.213
1975,6,-0.253
1975,7,0.136
1975,8,0.734
1975,9,-1.326
1975,10,0.572
1975,11,0.117
1975,12,-1.707
1976,1,-0.965
1976,2,0.618
1976,3,0.081
1976,4,-1.200
1976,5,0.199
1976,6,2.459
1976,7,0.694
1976,8,0.254
1976,9,-1.454
1976,10,-1.927
1976,11,-1.508
1976,12,0.919
1977,1,-0.139
1977,2,0.903
1977,3,0.716
1977,4,0.625
1977,5,-1.358
1977,6,-2.226
1977,7,-2.119
1977,8,-1.949
1977,9,1.479
1977,10,-0.021
1977,11,-0.213
1977,12,2.434
1978,1,-0.284
1978,2,0.845
1978,3,0.051
1978,4,-1.410
1978,5,-1.406
1978,6,-1.973
1978,7,-0.258
1978,8,0.066
1978,9,2.468
1978,10,0.369
1978,11,0.601
1978,12,1.931
1979,1,0.659
1979,2,0.615
1979,3,-1.396
1979,4,-0.877
1979,5,-0.472
1979,6,0.847
1979,7,0.796
1979,8,0.258
1979,9,0.118
1979,10,-1.381
1979,11,0.056
1979,12,0.882
1980,1,0.209
1980,2,0.785
1980,3,-0.079
1980,4,0.860
1980,5,-0.869
1980,6,-0.274
1980,7,-0.774
1980,8,1.008
1980,9,1.479
1980,10,0.159
1980,11,-0.312
1980,12,-1.015
1981,1,-0.070
1981,2,-0.385
1981,3,1.490
1981,4,-0.546
1981,5,-1.283
1981,6,2.503
1981,7,0.900
1981,8,0.761
1981,9,0.373
1981,10,0.516
1981,11,2.994
1981,12,1.773
1982,1,1.323
1982,2,0.790
1982,3,0.731
1982,4,1.368
1982,5,0.497
1982,6,0.322
1982,7,-1.074
1982,8,0.807
1982,9,0.659
1982,10,-1.042
1982,11,-0.176
1982,12,-0.262
1983,1,-0.253
1983,2,-1.209
1983,3,1.767
1983,4,-0.941
1983,5,-2.087
1983,6,1.474
1983,7,-1.000
1983,8,-0.301
1983,9,1.752
1983,10,1.157
1983,11,2.753
1983,12,0.808
1984,1,0.012
1984,2,-0.733
1984,3,-1.491
1984,4,2.505
1984,5,-3.142
1984,6,-0.034
1984,7,0.114
1984,8,0.215
1984,9,-0.002
1984,10,-0.347
1984,11,0.241
1984,12,0.993
1985,1,-1.486
1985,2,1.752
1985,3,-0.711
1985,4,0.808
1985,5,-1.361
1985,6,0.380
1985,7,0.531
1985,8,0.009
1985,9,2.817
1985,10,1.664
1985,11,-0.155
1985,12,0.685
1986,1,-0.346
1986,2,-0.458
1986,3,-0.395
1986,4,-2.893
1986,5,0.759
1986,6,0.467
1986,7,1.240
1986,8,-0.799
1986,9,0.775
1986,10,1.130
1986,11,0.139
1986,12,0.221
1987,1,-0.329
1987,2,0.120
1987,3,1.447
1987,4,1.233
1987,5,0.862
1987,6,0.825
1987,7,0.756
1987,8,1.429
1987,9,2.731
1987,10,-1.347
1987,11,0.405
1987,12,2.215
1988,1,1.219
1988,2,0.197
1988,3,0.742
1988,4,0.061
1988,5,-0.602
1988,6,-0.659
1988,7,-0.377
1988,8,0.243
1988,9,1.454
1988,10,0.585
1988,11,1.659
1988,12,-0.249
1989,1,-0.264
1989,2,1.079
1989,3,1.569
1989,4,-1.308
1989,5,1.716
1989,6,1.464
1989,7,2.922
1989,8,1.422
1989,9,0.315
1989,10,2.183
1989,11,1.498
1989,12,3.229
1990,1,-0.112
1990,2,2.735
1990,3,2.059
1990,4,-0.379
1990,5,1.969
1990,6,0.755
1990,7,2.349
1990,8,2.018
1990,9,1.569
1990,10,-0.053
1990,11,-0.338
1990,12,-0.579
1991,1,-0.419
1991,2,-1.191
1991,3,0.480
1991,4,-0.176
1991,5,1.311
1991,6,1.178
1991,7,1.400
1991,8,2.335
1991,9,1.632
1991,10,-1.419
1991,11,0.040
1991,12,0.703
1992,1,-1.540
1992,2,0.316
1992,3,1.356
1992,4,1.236
1992,5,2.073
1992,6,-1.496
1992,7,1.302
1992,8,0.985
1992,9,-0.320
1992,10,-1.936
1992,11,1.413
1992,12,1.027
1993,1,-0.256
1993,2,0.456
1993,3,0.683
1993,4,-0.546
1993,5,-1.047
1993,6,0.613
1993,7,1.006
1993,8,0.522
1993,9,-2.065
1993,10,-2.346
1993,11,-0.586
1993,12,0.888
1994,1,0.076
1994,2,-0.331
1994,3,2.458
1994,4,-0.091
1994,5,-0.440
1994,6,1.607
1994,7,0.301
1994,8,0.408
1994,9,-1.235
1994,10,0.724
1994,11,1.769
1994,12,1.588
1995,1,1.120
1995,2,1.595
1995,3,1.599
1995,4,2.103
1995,5,2.224
1995,6,1.232
1995,7,1.221
1995,8,1.947
1995,9,-0.973
1995,10,2.499
1995,11,2.575
1995,12,2.107
1996,1,1.603
1996,2,-0.815
1996,3,0.623
1996,4,1.311
1996,5,-0.115
1996,6,2.494
1996,7,1.070
1996,8,-0.405
1996,9,-0.781
1996,10,0.228
1996,11,0.468
1996,12,0.955
1997,1,0.342
1997,2,2.474
1997,3,4.433
1997,4,3.722
1997,5,0.477
1997,6,-1.081
1997,7,0.387
1997,8,0.578
1997,9,1.707
1997,10,2.262
1997,11,1.478
1997,12,1.512
1998,1,1.398
1998,2,2.711
1998,3,2.730
1998,4,-0.822
1998,5,0.141
1998,6,0.850
1998,7,0.916
1998,8,2.291
1998,9,0.365
1998,10,-0.114
1998,11,0.886
1998,12,-0.532
1999,1,0.145
1999,2,-0.218
1999,3,1.014
1999,4,1.212
1999,5,1.108
1999,6,1.348
1999,7,1.404
1999,8,0.451
1999,9,-0.053
1999,10,0.173
1999,11,-0.828
1999,12,0.673
2000,1,-1.531
2000,2,2.278
2000,3,2.004
2000,4,-1.162
2000,5,0.979
2000,6,2.238
2000,7,0.155
2000,8,0.709
2000,9,0.541
2000,10,-0.423
2000,11,-0.161
2000,12,2.169
2001,1,1.440
2001,2,1.299
2001,3,1.936
2001,4,0.911
2001,5,0.682
2001,6,1.915
2001,7,-0.402
2001,8,0.688
2001,9,0.575
2001,10,1.058
2001,11,-0.984
2001,12,-1.145
2002,1,1.410
2002,2,1.407
2002,3,1.596
2002,4,0.673
2002,5,-0.519
2002,6,0.521
2002,7,0.124
2002,8,-0.250
2002,9,-0.481
2002,10,0.884
2002,11,0.916
2002,12,2.357
2003,1,0.107
2003,2,-0.205
2003,3,1.789
2003,4,0.815
2003,5,2.008
2003,6,2.629
2003,7,0.349
2003,8,2.938
2003,9,1.625
2003,10,-0.533
2003,11,0.924
2003,12,0.424
2004,1,1.457
2004,2,0.556
2004,3,-0.150
2004,4,0.321
2004,5,0.384
2004,6,3.638
2004,7,1.244
2004,8,0.552
2004,9,1.058
2004,10,0.079
2004,11,-0.325
2004,12,-0.168
2005,1,-0.870
2005,2,-1.831
2005,3,1.039
2005,4,1.231
2005,5,1.619
2005,6,3.413
2005,7,1.314
2005,8,2.191
2005,9,0.575
2005,10,1.080
2005,11,-0.441
2005,12,0.203
2006,1,-1.224
2006,2,-0.773
2006,3,0.873
2006,4,1.847
2006,5,2.343
2006,6,2.107
2006,7,2.270
2006,8,1.973
2006,9,1.210
2006,10,1.895
2006,11,2.615
2006,12,-0.025
2007,1,0.178
2007,2,1.548
2007,3,0.583
2007,4,0.961
2007,5,0.499
2007,6,0.106
2007,7,0.154
2007,8,0.267
2007,9,0.964
2007,10,0.622
2007,11,0.175
2007,12,-0.084
2008,1,1.754
2008,2,2.457
2008,3,0.588
2008,4,1.540
2008,5,-0.285
2008,6,1.701
2008,7,0.262
2008,8,0.250
2008,9,-0.198
2008,10,-0.259
2008,11,-1.307
2008,12,-0.183
2009,1,-0.235
2009,2,0.500
2009,3,2.520
2009,4,-0.333
2009,5,1.867
2009,6,2.199
2009,7,0.252
2009,8,1.666
2009,9,1.203
2009,10,2.600
2009,11,1.773
2009,12,0.870
2010,1,0.384
2010,2,-0.015
2010,3,0.222
2010,4,2.353
2010,5,0.786
2010,6,1.091
2010,7,2.460
2010,8,2.802
2010,9,1.090
2010,10,-0.181
2010,11,-0.230
2010,12,0.529
2011,1,0.525
2011,2,0.778
2011,3,0.582
2011,4,3.883
2011,5,3.116
2011,6,1.555
2011,7,-0.074
2011,8,0.631
2011,9,1.143
2011,10,2.475
2011,11,0.809
2011,12,0.454
2012,1,-0.137
2012,2,-1.371
2012,3,1.970
2012,4,-1.061
2012,5,1.982
2012,6,1.316
2012,7,0.456
2012,8,1.169
2012,9,1.313
2012,10,0.534
2012,11,0.423
2012,12,1.192
2013,1,1.150
2013,2,-0.131
2013,3,0.376
2013,4,0.642
2013,5,-0.521
2013,6,0.857
2013,7,1.921
2013,8,1.950
2013,9,NaN
