1743,11,-1.131
1743,12,NaN
1744,1,NaN
1744,2,NaN
1744,3,NaN
1744,4,1.926
1744,5,-1.115
1744,6,-0.235
1744,7,-0.430
1744,8,NaN
1744,9,-1.273
1744,10,-2.177
1744,11,-0.459
1744,12,-0.813
1745,1,-1.136
1745,2,-0.693
1745,3,-1.775
1745,4,-0.626
1745,5,NaN
1745,6,NaN
1745,7,NaN
1745,8,NaN
1745,9,NaN
1745,10,NaN
1745,11,NaN
1745,12,NaN
1746,1,NaN
1746,2,NaN
1746,3,NaN
1746,4,NaN
1746,5,NaN
1746,6,NaN
1746,7,NaN
1746,8,NaN
1746,9,NaN
1746,10,NaN
1746,11,NaN
1746,12,NaN
1747,1,NaN
1747,2,NaN
1747,3,NaN
1747,4,NaN
1747,5,NaN
1747,6,NaN
1747,7,NaN
1747,8,NaN
1747,9,NaN
1747,10,NaN
1747,11,NaN
1747,12,NaN
1748,1,NaN
1748,2,NaN
1748,3,NaN
1748,4,NaN
1748,5,NaN
1748,6,NaN
1748,7,NaN
1748,8,NaN
1748,9,NaN
1748,10,NaN
1748,11,NaN
1748,12,NaN
1749,1,NaN
1749,2,NaN
1749,3,NaN
1749,4,NaN
1749,5,NaN
1749,6,NaN
1749,7,NaN
1749,8,NaN
1749,9,NaN
1749,10,NaN
1749,11,NaN
1749,12,NaN
1750,1,0.421
1750,2,0.425
1750,3,0.526
1750,4,-0.109
1750,5,0.063
1750,6,-0.335
1750,7,1.623
1750,8,0.710
1750,9,-0.889
1750,10,-3.027
1750,11,NaN
1750,12,-1.619
1751,1,-0.306
1751,2,-2.176
1751,3,0.934
1751,4,-0.501
1751,5,NaN
1751,6,0.531
1751,7,0.628
1751,8,0.351
1751,9,-1.567
1751,10,NaN
1751,11,NaN
1751,12,NaN
1752,1,-2.624
1752,2,NaN
1752,3,1.123
1752,4,-0.638
1752,5,NaN
1752,6,NaN
1752,7,NaN
1752,8,NaN
1752,9,NaN
1752,10,-1.601
1752,11,0.899
1752,12,0.536
1753,1,-0.938
1753,2,-1.543
1753,3,1.172
1753,4,-0.356
1753,5,0.823
1753,6,1.433
1753,7,0.600
1753,8,-0.139
1753,9,-0.517
1753,10,-0.341
1753,11,-0.906
1753,12,-3.490
1754,1,-1.123
1754,2,-3.504
1754,3,-0.757
1754,4,3.298
1754,5,0.818
1754,6,1.223
1754,7,0.306
1754,8,-0.522
1754,9,-1.156
1754,10,0.416
1754,11,0.139
1754,12,0.256
1755,1,-1.827
1755,2,-2.256
1755,3,-0.731
1755,4,0.918
1755,5,1.362
1755,6,2.129
1755,7,0.501
1755,8,-0.777
1755,9,-0.607
1755,10,-0.957
1755,11,-0.186
1755,12,-1.995
1756,1,1.144
1756,2,3.259
1756,3,-0.068
1756,4,1.871
1756,5,2.182
1756,6,1.482
1756,7,0.004
1756,8,-0.910
1756,9,0.216
1756,10,-1.806
1756,11,-1.958
1756,12,-2.606
1757,1,-2.926
1757,2,1.343
1757,3,0.107
1757,4,-0.017
1757,5,1.624
1757,6,3.940
1757,7,3.498
1757,8,1.000
1757,9,1.730
1757,10,-3.034
1757,11,-2.070
1757,12,-3.390
1758,1,-4.526
1758,2,-1.590
1758,3,-0.817
1758,4,-1.210
1758,5,-1.721
1758,6,-0.067
1758,7,-0.336
1758,8,-2.288
1758,9,-2.490
1758,10,-5.052
1758,11,-0.273
1758,12,-1.188
1759,1,1.883
1759,2,1.237
1759,3,-0.231
1759,4,-2.176
1759,5,-1.078
1759,6,0.196
1759,7,-1.597
1759,8,0.708
1759,9,0.248
1759,10,-1.114
1759,11,-2.156
1759,12,-4.920
1760,1,-3.481
1760,2,-0.528
1760,3,-2.803
1760,4,-1.028
1760,5,-1.038
1760,6,-1.678
1760,7,-1.567
1760,8,-0.079
1760,9,-0.618
1760,10,-2.235
1760,11,-1.252
1760,12,-2.004
1761,1,-2.545
1761,2,0.015
1761,3,1.242
1761,4,-1.629
1761,5,1.799
1761,6,3.460
1761,7,4.867
1761,8,0.408
1761,9,-0.066
1761,10,-1.454
1761,11,-1.654
1761,12,-5.089
1762,1,3.543
1762,2,1.801
1762,3,-1.212
1762,4,0.326
1762,5,-0.793
1762,6,0.633
1762,7,0.609
1762,8,-0.653
1762,9,-1.654
1762,10,-3.002
1762,11,0.029
1762,12,-1.464
1763,1,-1.621
1763,2,-1.658
1763,3,-3.126
1763,4,-0.912
1763,5,-0.991
1763,6,-1.042
1763,7,1.991
1763,8,-0.274
1763,9,-1.124
1763,10,-3.814
1763,11,-1.743
1763,12,-0.119
1764,1,-0.579
1764,2,2.871
1764,3,0.320
1764,4,-1.158
1764,5,-0.862
1764,6,-1.552
1764,7,-1.785
1764,8,-1.124
1764,9,-1.029
1764,10,0.733
1764,11,0.249
1764,12,2.485
1765,1,1.460
1765,2,0.426
1765,3,1.375
1765,4,0.758
1765,5,-0.177
1765,6,-2.396
1765,7,-0.693
1765,8,-0.472
1765,9,-0.665
1765,10,-1.340
1765,11,0.204
1765,12,-0.371
1766,1,-2.986
1766,2,1.331
1766,3,0.460
1766,4,-0.112
1766,5,0.022
1766,6,0.303
1766,7,-0.730
1766,8,0.316
1766,9,0.629
1766,10,-0.781
1766,11,2.003
1766,12,-0.593
1767,1,-2.695
1767,2,0.220
1767,3,1.390
1767,4,-1.772
1767,5,-0.825
1767,6,0.803
1767,7,-0.823
1767,8,1.102
1767,9,-0.113
1767,10,-0.223
1767,11,2.301
1767,12,-1.545
1768,1,-4.039
1768,2,-2.346
1768,3,-3.025
1768,4,-1.267
1768,5,-1.924
1768,6,-0.932
1768,7,-0.446
1768,8,-1.029
1768,9,-0.693
1768,10,-1.414
1768,11,-0.905
1768,12,-0.369
1769,1,-0.165
1769,2,-1.038
1769,3,-0.798
1769,4,0.759
1769,5,1.960
1769,6,2.152
1769,7,0.633
1769,8,0.366
1769,9,-0.339
1769,10,-3.702
1769,11,-2.463
1769,12,-3.200
1770,1,-0.353
1770,2,0.750
1770,3,-3.733
1770,4,1.575
1770,5,-0.772
1770,6,-0.998
1770,7,-2.439
1770,8,-1.730
1770,9,-0.650
1770,10,-0.546
1770,11,0.337
1770,12,1.468
1771,1,2.968
1771,2,-3.322
1771,3,-2.162
1771,4,-2.394
1771,5,-1.276
1771,6,1.004
1771,7,-0.273
1771,8,0.978
1771,9,-0.055
1771,10,0.962
1771,11,-0.478
1771,12,0.046
1772,1,-0.967
1772,2,-2.109
1772,3,-2.086
1772,4,0.833
1772,5,-1.297
1772,6,-0.647
1772,7,0.498
1772,8,0.678
1772,9,-1.118
1772,10,0.453
1772,11,2.439
1772,12,3.017
1773,1,-2.889
1773,2,-1.653
1773,3,-0.679
1773,4,1.349
1773,5,1.678
1773,6,-0.375
1773,7,0.233
1773,8,0.128
1773,9,0.827
1773,10,0.142
1773,11,-1.941
1773,12,1.972
1774,1,-2.687
1774,2,1.375
1774,3,0.269
1774,4,2.126
1774,5,5.101
1774,6,2.093
1774,7,2.362
1774,8,0.701
1774,9,-0.607
1774,10,-0.706
1774,11,-2.834
1774,12,-2.842
1775,1,1.792
1775,2,2.915
1775,3,2.317
1775,4,-0.544
1775,5,0.150
1775,6,-1.187
1775,7,0.346
1775,8,0.668
1775,9,-0.883
1775,10,0.931
1775,11,2.488
1775,12,-1.668
1776,1,-2.993
1776,2,1.439
1776,3,-0.873
1776,4,-0.977
1776,5,-0.872
1776,6,0.974
1776,7,-0.341
1776,8,1.047
1776,9,-1.431
1776,10,-1.332
1776,11,-0.352
1776,12,1.205
1777,1,3.534
1777,2,1.253
1777,3,-0.195
1777,4,-2.437
1777,5,0.021
1777,6,-1.227
1777,7,-1.946
1777,8,-1.159
1777,9,-0.901
1777,10,-2.519
1777,11,-0.530
1777,12,-0.151
1778,1,0.385
1778,2,2.370
1778,3,-1.242
1778,4,2.147
1778,5,-0.031
1778,6,-1.813
1778,7,0.496
1778,8,-1.205
1778,9,1.069
1778,10,-1.592
1778,11,-2.169
1778,12,-1.423
1779,1,-1.787
1779,2,1.302
1779,3,1.079
1779,4,1.085
1779,5,2.588
1779,6,-1.213
1779,7,-1.092
1779,8,-0.411
1779,9,0.193
1779,10,-0.368
1779,11,-0.226
1779,12,-0.985
1780,1,-0.557
1780,2,0.623
1780,3,0.267
1780,4,5.033
1780,5,4.287
1780,6,1.303
1780,7,1.629
1780,8,-1.024
1780,9,-2.964
1780,10,-0.095
1780,11,0.698
1780,12,-1.361
1781,1,-0.000
1781,2,-0.920
1781,3,-0.344
1781,4,-1.551
1781,5,0.114
1781,6,-1.339
1781,7,0.257
1781,8,0.468
1781,9,-1.618
1781,10,-0.634
1781,11,1.693
1781,12,-0.193
1782,1,-2.081
1782,2,-2.819
1782,3,-2.645
1782,4,0.265
1782,5,-0.172
1782,6,0.563
1782,7,-0.198
1782,8,1.781
1782,9,0.410
1782,10,-0.171
1782,11,-0.849
1782,12,-2.452
1783,1,-4.030
1783,2,2.284
1783,3,-0.491
1783,4,-0.071
1783,5,1.067
1783,6,1.234
1783,7,-1.261
1783,8,0.127
1783,9,-1.906
1783,10,-1.786
1783,11,-3.587
1783,12,-1.312
1784,1,0.196
1784,2,-2.176
1784,3,-1.336
1784,4,-0.278
1784,5,-0.999
1784,6,-0.408
1784,7,0.637
1784,8,2.179
1784,9,-1.048
1784,10,-2.028
1784,11,-0.481
1784,12,-0.901
1785,1,-0.912
1785,2,-1.438
1785,3,-4.412
1785,4,-1.428
1785,5,-0.938
1785,6,1.129
1785,7,0.343
1785,8,0.685
1785,9,-1.516
1785,10,-2.353
1785,11,0.181
1785,12,-1.663
1786,1,-2.303
1786,2,-0.590
1786,3,0.464
1786,4,0.307
1786,5,0.213
1786,6,0.053
1786,7,1.065
1786,8,1.169
1786,9,1.308
1786,10,-1.475
1786,11,-1.922
1786,12,-3.576
1787,1,1.184
1787,2,-0.129
1787,3,0.153
1787,4,-0.854
1787,5,0.247
1787,6,0.752
1787,7,-0.707
1787,8,-0.038
1787,9,-1.575
1787,10,-1.340
1787,11,-0.051
1787,12,-1.609
1788,1,-1.694
1788,2,0.528
1788,3,0.149
1788,4,0.265
1788,5,-0.618
1788,6,0.843
1788,7,2.443
1788,8,0.270
1788,9,-0.012
1788,10,0.183
1788,11,0.258
1788,12,-4.367
1789,1,0.801
1789,2,-1.085
1789,3,-1.966
1789,4,-0.988
1789,5,0.577
1789,6,-0.027
1789,7,1.091
1789,8,0.271
1789,9,0.063
1789,10,-1.999
1789,11,-0.323
1789,12,0.146
1790,1,0.200
1790,2,0.082
1790,3,-0.409
1790,4,-2.538
1790,5,-0.647
1790,6,0.736
1790,7,-0.666
1790,8,-0.108
1790,9,-0.591
1790,10,-0.545
1790,11,-0.733
1790,12,-0.013
1791,1,1.118
1791,2,0.716
1791,3,0.402
1791,4,0.134
1791,5,-0.897
1791,6,-0.040
1791,7,-0.718
1791,8,-0.007
1791,9,-0.852
1791,10,-1.392
1791,11,0.478
1791,12,0.289
1792,1,-2.444
1792,2,0.641
1792,3,-0.579
1792,4,-0.635
1792,5,0.306
1792,6,0.706
1792,7,-0.025
1792,8,-1.493
1792,9,0.462
1792,10,-1.327
1792,11,-0.780
1792,12,-0.132
1793,1,-1.805
1793,2,1.579
1793,3,-0.281
1793,4,0.173
1793,5,-0.151
1793,6,-0.117
1793,7,0.102
1793,8,-0.667
1793,9,-0.015
1793,10,-1.081
1793,11,-0.432
1793,12,-1.640
1794,1,1.130
1794,2,0.258
1794,3,0.416
1794,4,0.966
1794,5,1.196
1794,6,-1.366
1794,7,-1.515
1794,8,-0.335
1794,9,-0.112
1794,10,-0.317
1794,11,-0.830
1794,12,-0.745
1795,1,0.203
1795,2,1.339
1795,3,0.402
1795,4,0.487
1795,5,-0.026
1795,6,0.062
1795,7,0.103
1795,8,-0.580
1795,9,-0.888
1795,10,-1.273
1795,11,-0.757
1795,12,-0.833
1796,1,0.386
1796,2,-0.290
1796,3,-1.800
1796,4,-0.586
1796,5,0.153
1796,6,0.925
1796,7,0.134
1796,8,1.028
1796,9,0.067
1796,10,-0.021
1796,11,-0.337
1796,12,-2.684
1797,1,2.193
1797,2,2.281
1797,3,-1.317
1797,4,-1.789
1797,5,-1.101
1797,6,0.504
1797,7,-0.414
1797,8,0.015
1797,9,0.090
1797,10,-0.547
1797,11,-1.992
1797,12,-0.476
1798,1,0.614
1798,2,-0.341
1798,3,0.967
1798,4,-0.279
1798,5,0.322
1798,6,-0.094
1798,7,0.844
1798,8,1.165
1798,9,-0.256
1798,10,-0.752
1798,11,0.172
1798,12,-1.340
1799,1,-0.349
1799,2,-2.043
1799,3,-1.094
1799,4,0.465
1799,5,0.159
1799,6,0.819
1799,7,0.711
1799,8,0.394
1799,9,0.255
1799,10,0.340
1799,11,0.246
1799,12,-1.092
1800,1,0.010
1800,2,0.426
1800,3,-1.290
1800,4,0.790
1800,5,-0.660
1800,6,0.187
1800,7,-0.373
1800,8,-0.226
1800,9,-1.244
1800,10,0.102
1800,11,-0.252
1800,12,0.553
1801,1,0.523
1801,2,-0.649
1801,3,1.310
1801,4,-0.570
1801,5,1.560
1801,6,-0.557
1801,7,0.600
1801,8,-0.900
1801,9,-0.373
1801,10,-0.240
1801,11,-0.055
1801,12,0.989
1802,1,1.160
1802,2,0.079
1802,3,0.909
1802,4,-0.136
1802,5,-0.942
1802,6,1.219
1802,7,0.578
1802,8,0.386
1802,9,-0.085
1802,10,0.403
1802,11,-0.533
1802,12,-0.766
1803,1,-2.134
1803,2,-1.767
1803,3,-0.738
1803,4,0.877
1803,5,0.595
1803,6,0.462
1803,7,0.890
1803,8,1.571
1803,9,0.374
1803,10,-0.085
1803,11,-0.050
1803,12,-1.230
1804,1,-0.186
1804,2,-1.272
1804,3,-1.001
1804,4,1.511
1804,5,0.684
1804,6,0.550
1804,7,1.440
1804,8,0.578
1804,9,0.335
1804,10,-0.266
1804,11,0.802
1804,12,-1.547
1805,1,0.214
1805,2,-0.706
1805,3,0.252
1805,4,-0.519
1805,5,-0.266
1805,6,0.624
1805,7,0.333
1805,8,1.348
1805,9,0.023
1805,10,-1.910
1805,11,-1.535
1805,12,0.497
1806,1,0.345
1806,2,-0.156
1806,3,-0.705
1806,4,-0.333
1806,5,0.295
1806,6,-0.842
1806,7,-0.317
1806,8,0.817
1806,9,0.522
1806,10,-0.938
1806,11,-0.820
1806,12,0.309
1807,1,-1.528
1807,2,0.219
1807,3,-0.635
1807,4,-1.418
1807,5,-1.943
1807,6,0.036
1807,7,-0.024
1807,8,0.272
1807,9,0.570
1807,10,-0.467
1807,11,-0.249
1807,12,0.790
1808,1,0.651
1808,2,-1.289
1808,3,-1.572
1808,4,-1.348
1808,5,-1.738
1808,6,0.639
1808,7,0.589
1808,8,-0.815
1808,9,0.636
1808,10,-1.071
1808,11,-1.122
1808,12,-3.484
1809,1,-3.405
1809,2,-2.002
1809,3,-3.072
1809,4,-1.493
1809,5,-2.101
1809,6,0.020
1809,7,-1.661
1809,8,-0.885
1809,9,-1.210
1809,10,-0.429
1809,11,-3.526
1809,12,-0.617
1810,1,-2.018
1810,2,-0.517
1810,3,-0.016
1810,4,-1.352
1810,5,-2.230
1810,6,-1.274
1810,7,-2.174
1810,8,-1.511
1810,9,-2.318
1810,10,-3.105
1810,11,-3.279
1810,12,-1.246
1811,1,-0.543
1811,2,-1.983
1811,3,-0.166
1811,4,-2.448
1811,5,-2.149
1811,6,-1.038
1811,7,-2.179
1811,8,-0.340
1811,9,-1.245
1811,10,-2.994
1811,11,-2.246
1811,12,-0.221
1812,1,-1.989
1812,2,-3.244
1812,3,-3.764
1812,4,-2.182
1812,5,-1.861
1812,6,-1.389
1812,7,0.040
1812,8,1.518
1812,9,-1.589
1812,10,-1.909
1812,11,-1.935
1812,12,-3.024
1813,1,-3.780
1813,2,-1.249
1813,3,-3.289
1813,4,0.070
1813,5,0.711
1813,6,-0.392
1813,7,0.125
1813,8,-0.713
1813,9,0.340
1813,10,-1.142
1813,11,1.183
1813,12,-1.559
1814,1,-1.840
1814,2,-0.897
1814,3,-1.716
1814,4,-1.392
1814,5,-2.735
1814,6,-0.372
1814,7,-2.325
1814,8,-1.004
1814,9,-1.423
1814,10,-2.047
1814,11,0.974
1814,12,2.064
1815,1,-0.693
1815,2,-0.334
1815,3,-1.609
1815,4,-1.416
1815,5,-1.429
1815,6,-2.299
1815,7,0.157
1815,8,-0.579
1815,9,-0.911
1815,10,-2.207
1815,11,-1.849
1815,12,-2.345
1816,1,0.179
1816,2,-3.480
1816,3,-1.743
1816,4,-1.125
1816,5,-0.563
1816,6,-1.586
1816,7,-2.239
1816,8,-1.216
1816,9,-1.771
1816,10,-3.902
1816,11,-2.033
1816,12,-1.781
1817,1,-0.993
1817,2,0.658
1817,3,-0.409
1817,4,-0.567
1817,5,-1.798
1817,6,-2.122
1817,7,-1.988
1817,8,-0.165
1817,9,-3.288
1817,10,-3.128
1817,11,-1.145
1817,12,-3.425
1818,1,-0.989
1818,2,-2.278
1818,3,0.612
1818,4,1.409
1818,5,0.121
1818,6,0.724
1818,7,-0.850
1818,8,-0.489
1818,9,-1.457
1818,10,-2.537
1818,11,-0.578
1818,12,-1.058
1819,1,-1.511
1819,2,-1.200
1819,3,-2.759
1819,4,-1.703
1819,5,-1.536
1819,6,-0.871
1819,7,-1.313
1819,8,-1.359
1819,9,-0.870
1819,10,-0.272
1819,11,-0.961
1819,12,-1.803
1820,1,-2.429
1820,2,-1.353
1820,3,-0.987
1820,4,0.448
1820,5,0.121
1820,6,-0.234
1820,7,-1.063
1820,8,-1.975
1820,9,-0.905
1820,10,-1.836
1820,11,-1.789
1820,12,-2.190
1821,1,0.543
1821,2,0.443
1821,3,-0.137
1821,4,-0.984
1821,5,-0.073
1821,6,-0.937
1821,7,-1.382
1821,8,-0.774
1821,9,-1.985
1821,10,-0.911
1821,11,-0.093
1821,12,-0.759
1822,1,0.298
1822,2,1.254
1822,3,2.359
1822,4,-0.301
1822,5,-0.844
1822,6,-0.369
1822,7,-0.102
1822,8,-0.667
1822,9,-1.449
1822,10,-1.668
1822,11,-1.491
1822,12,-2.511
1823,1,-0.775
1823,2,-1.254
1823,3,-0.363
1823,4,-0.948
1823,5,-0.800
1823,6,0.526
1823,7,-0.127
1823,8,-0.746
1823,9,-1.967
1823,10,-2.019
1823,11,-1.722
1823,12,-1.124
1824,1,0.118
1824,2,-0.526
1824,3,-0.160
1824,4,-0.430
1824,5,-0.376
1824,6,-0.029
1824,7,0.484
1824,8,-0.453
1824,9,-0.510
1824,10,-1.226
1824,11,-0.074
1824,12,1.664
1825,1,0.725
1825,2,-0.123
1825,3,-0.088
1825,4,0.441
1825,5,-0.600
1825,6,0.348
1825,7,-0.311
1825,8,-0.604
1825,9,-1.016
1825,10,-1.399
1825,11,0.365
1825,12,-0.313
1826,1,-0.474
1826,2,-1.738
1826,3,-0.284
1826,4,-0.252
1826,5,0.501
1826,6,-0.311
1826,7,0.209
1826,8,-0.777
1826,9,-1.056
1826,10,-1.024
1826,11,0.543
1826,12,1.404
1827,1,1.388
1827,2,0.599
1827,3,0.715
1827,4,0.801
1827,5,0.469
1827,6,0.142
1827,7,0.406
1827,8,-0.178
1827,9,-1.273
1827,10,-0.928
1827,11,0.265
1827,12,-0.848
1828,1,-1.932
1828,2,-1.352
1828,3,0.297
1828,4,-0.172
1828,5,-0.071
1828,6,0.724
1828,7,0.325
1828,8,-0.259
1828,9,-2.106
1828,10,-0.763
1828,11,-0.048
1828,12,-0.384
1829,1,-0.428
1829,2,-1.546
1829,3,-0.515
1829,4,-0.956
1829,5,0.008
1829,6,-0.565
1829,7,0.120
1829,8,-0.470
1829,9,-1.579
1829,10,-0.730
1829,11,-1.245
1829,12,-1.087
1830,1,0.100
1830,2,0.786
1830,3,-0.979
1830,4,0.073
1830,5,-1.134
1830,6,-0.591
1830,7,0.681
1830,8,-0.484
1830,9,-1.767
1830,10,-1.401
1830,11,1.664
1830,12,1.010
1831,1,-0.426
1831,2,-0.907
1831,3,-0.834
1831,4,-1.117
1831,5,-0.587
1831,6,-0.207
1831,7,-0.701
1831,8,-1.366
1831,9,-2.242
1831,10,-1.489
1831,11,-1.619
1831,12,-1.432
1832,1,-0.571
1832,2,-1.162
1832,3,-0.608
1832,4,-0.655
1832,5,-0.929
1832,6,-0.662
1832,7,-0.537
1832,8,-1.791
1832,9,-1.858
1832,10,-0.741
1832,11,-1.444
1832,12,-1.907
1833,1,0.059
1833,2,-0.246
1833,3,-1.176
1833,4,-0.895
1833,5,-0.811
1833,6,-0.471
1833,7,-0.626
1833,8,-0.869
1833,9,-0.985
1833,10,-1.534
1833,11,0.983
1833,12,-0.126
1834,1,-2.052
1834,2,-0.471
1834,3,0.333
1834,4,-0.697
1834,5,-0.126
1834,6,-0.727
1834,7,-0.308
1834,8,-0.597
1834,9,-0.586
1834,10,-0.859
1834,11,0.396
1834,12,0.188
1835,1,0.756
1835,2,-0.181
1835,3,-1.130
1835,4,-1.049
1835,5,-1.556
1835,6,-1.472
1835,7,-1.410
1835,8,-1.838
1835,9,-2.348
1835,10,-1.617
1835,11,-2.173
1835,12,-2.431
1836,1,-0.569
1836,2,-0.803
1836,3,-0.021
1836,4,-1.275
1836,5,-1.347
1836,6,-0.860
1836,7,-0.661
1836,8,-1.386
1836,9,-1.442
1836,10,-0.703
1836,11,-1.713
1836,12,-0.453
1837,1,-0.108
1837,2,-0.131
1837,3,-1.887
1837,4,-2.267
1837,5,-1.598
1837,6,-1.203
1837,7,-0.801
1837,8,-0.729
1837,9,-1.274
1837,10,-1.761
1837,11,-1.413
1837,12,-0.623
1838,1,-3.122
1838,2,-1.823
1838,3,-1.641
1838,4,-1.310
1838,5,-1.529
1838,6,-0.724
1838,7,0.132
1838,8,-0.352
1838,9,-1.088
1838,10,-0.867
1838,11,-1.028
1838,12,-0.776
1839,1,-0.142
1839,2,0.538
1839,3,-2.794
1839,4,-0.537
1839,5,-1.098
1839,6,-0.763
1839,7,0.137
1839,8,0.117
1839,9,-1.261
1839,10,-1.138
1839,11,-1.906
1839,12,-2.493
1840,1,0.222
1840,2,-0.979
1840,3,-1.744
1840,4,-0.749
1840,5,-0.404
1840,6,-0.084
1840,7,0.397
1840,8,-0.804
1840,9,-1.193
1840,10,-1.835
1840,11,-1.653
1840,12,-1.390
1841,1,-1.665
1841,2,-0.739
1841,3,-1.985
1841,4,-1.757
1841,5,-0.660
1841,6,-0.408
1841,7,0.214
1841,8,-0.229
1841,9,-1.249
1841,10,-0.758
1841,11,-1.093
1841,12,-0.784
1842,1,-0.546
1842,2,-0.152
1842,3,0.587
1842,4,-0.193
1842,5,-0.961
1842,6,-0.948
1842,7,-0.766
1842,8,-0.589
1842,9,-1.291
1842,10,-1.205
1842,11,-0.977
1842,12,0.376
1843,1,0.670
1843,2,0.735
1843,3,-0.634
1843,4,-0.742
1843,5,-1.450
1843,6,-0.959
1843,7,-0.436
1843,8,-0.544
1843,9,-0.921
1843,10,-0.903
1843,11,-0.842
1843,12,0.660
1844,1,-0.150
1844,2,-0.819
1844,3,-0.565
1844,4,-0.908
1844,5,-1.177
1844,6,-0.802
1844,7,-0.477
1844,8,-0.737
1844,9,-1.329
1844,10,-0.852
1844,11,-1.609
1844,12,-1.785
1845,1,0.277
1845,2,-1.478
1845,3,-0.729
1845,4,-0.499
1845,5,-1.006
1845,6,-0.715
1845,7,-0.170
1845,8,-0.393
1845,9,-0.931
1845,10,-1.570
1845,11,-0.906
1845,12,-1.814
1846,1,1.098
1846,2,0.295
1846,3,1.063
1846,4,-1.248
1846,5,-0.504
1846,6,0.212
1846,7,0.632
1846,8,0.198
1846,9,-0.552
1846,10,-1.186
1846,11,-0.686
1846,12,0.274
1847,1,0.025
1847,2,0.278
1847,3,-1.672
1847,4,-0.814
1847,5,-1.048
1847,6,-0.799
1847,7,-0.105
1847,8,-0.477
1847,9,-0.663
1847,10,-0.867
1847,11,-0.163
1847,12,-1.755
1848,1,-2.101
1848,2,0.686
1848,3,-0.706
1848,4,-0.578
1848,5,-1.044
1848,6,-0.551
1848,7,-0.129
1848,8,-0.736
1848,9,-1.280
1848,10,-0.737
1848,11,-0.916
1848,12,-1.084
1849,1,-0.195
1849,2,-0.293
1849,3,0.147
1849,4,-1.592
1849,5,-1.403
1849,6,-0.537
1849,7,-0.098
1849,8,-0.384
1849,9,-1.167
1849,10,-0.456
1849,11,-0.003
1849,12,-1.851
1850,1,-1.720
1850,2,0.235
1850,3,-0.376
1850,4,-1.275
1850,5,-1.546
1850,6,-0.596
1850,7,-0.067
1850,8,-0.068
1850,9,-0.805
1850,10,-1.401
1850,11,-1.251
1850,12,-0.931
1851,1,-0.091
1851,2,-0.396
1851,3,-1.220
1851,4,-1.331
1851,5,-0.310
1851,6,-0.257
1851,7,0.102
1851,8,-0.167
1851,9,-0.443
1851,10,-0.394
1851,11,-1.184
1851,12,-0.340
1852,1,-0.078
1852,2,-0.680
1852,3,-1.593
1852,4,-1.081
1852,5,-0.166
1852,6,-0.409
1852,7,-0.074
1852,8,-0.704
1852,9,-0.772
1852,10,-0.539
1852,11,-1.509
1852,12,0.070
1853,1,-0.727
1853,2,-1.501
1853,3,-1.176
1853,4,-1.128
1853,5,-0.487
1853,6,-0.308
1853,7,0.186
1853,8,-0.017
1853,9,-0.492
1853,10,-0.801
1853,11,-1.055
1853,12,-0.542
1854,1,-1.249
1854,2,-1.203
1854,3,-0.484
1854,4,-0.734
1854,5,-0.293
1854,6,-0.743
1854,7,0.221
1854,8,-0.050
1854,9,-0.640
1854,10,0.378
1854,11,-0.300
1854,12,-0.091
1855,1,0.303
1855,2,0.033
1855,3,-0.478
1855,4,0.459
1855,5,0.070
1855,6,-0.375
1855,7,-0.450
1855,8,-0.340
1855,9,-0.908
1855,10,-0.946
1855,11,-0.969
1855,12,-1.948
1856,1,-0.149
1856,2,-1.269
1856,3,-1.104
1856,4,-0.691
1856,5,-0.745
1856,6,0.125
1856,7,-0.263
1856,8,-0.808
1856,9,-1.183
1856,10,-1.322
1856,11,-0.977
1856,12,-0.555
1857,1,-0.955
1857,2,-0.736
1857,3,-0.902
1857,4,-1.632
1857,5,-1.376
1857,6,-0.977
1857,7,-0.444
1857,8,-0.689
1857,9,-1.033
1857,10,-1.226
1857,11,-0.823
1857,12,-0.217
1858,1,0.060
1858,2,-0.870
1858,3,-0.525
1858,4,-0.012
1858,5,-0.385
1858,6,-0.609
1858,7,-0.672
1858,8,-0.638
1858,9,-0.942
1858,10,-0.634
1858,11,-0.157
1858,12,-1.349
1859,1,-0.428
1859,2,-0.437
1859,3,-0.044
1859,4,0.141
1859,5,0.010
1859,6,-0.275
1859,7,-0.525
1859,8,-0.603
1859,9,-1.019
1859,10,-0.605
1859,11,-0.354
1859,12,-0.708
1860,1,-0.678
1860,2,-0.780
1860,3,-1.838
1860,4,-0.678
1860,5,-0.513
1860,6,-0.219
1860,7,-0.143
1860,8,0.028
1860,9,-0.127
1860,10,-0.554
1860,11,-1.177
1860,12,-2.265
1861,1,-2.228
1861,2,-1.063
1861,3,-0.568
1861,4,-0.681
1861,5,-0.814
1861,6,-0.384
1861,7,-0.302
1861,8,-0.167
1861,9,-0.705
1861,10,-0.992
1861,11,-0.439
1861,12,-0.900
1862,1,-1.887
1862,2,-1.744
1862,3,-0.853
1862,4,-0.933
1862,5,-0.452
1862,6,-0.502
1862,7,-0.460
1862,8,-0.722
1862,9,-1.063
1862,10,-1.138
1862,11,-1.422
1862,12,-2.031
1863,1,0.552
1863,2,-0.011
1863,3,-0.468
1863,4,-0.308
1863,5,-0.220
1863,6,-0.450
1863,7,-0.411
1863,8,-0.640
1863,9,-0.936
1863,10,-1.187
1863,11,-0.791
1863,12,-0.813
1864,1,-1.053
1864,2,-0.691
1864,3,-0.760
1864,4,-0.716
1864,5,-0.375
1864,6,-0.014
1864,7,-0.084
1864,8,-0.492
1864,9,-0.735
1864,10,-0.827
1864,11,-0.980
1864,12,-1.610
1865,1,0.355
1865,2,-1.173
1865,3,-1.419
1865,4,-1.061
1865,5,-0.490
1865,6,-0.106
1865,7,-0.178
1865,8,-0.309
1865,9,-0.324
1865,10,-0.449
1865,11,0.023
1865,12,-0.995
1866,1,0.244
1866,2,-1.004
1866,3,-0.882
1866,4,-0.605
1866,5,-0.459
1866,6,-0.696
1866,7,0.118
1866,8,-0.446
1866,9,-0.611
1866,10,-1.040
1866,11,-0.250
1866,12,0.301
1867,1,-0.211
1867,2,-0.566
1867,3,-0.807
1867,4,-0.324
1867,5,-0.830
1867,6,-0.219
1867,7,-0.204
1867,8,-0.359
1867,9,-0.377
1867,10,-0.256
1867,11,0.737
1867,12,0.102
1868,1,-0.896
1868,2,-1.338
1868,3,-0.751
1868,4,-0.384
1868,5,-0.086
1868,6,-0.305
1868,7,0.099
1868,8,-0.154
1868,9,-0.601
1868,10,-0.113
1868,11,-0.969
1868,12,-0.502
1869,1,-0.374
1869,2,0.608
1869,3,-0.849
1869,4,-0.592
1869,5,-0.074
1869,6,-0.130
1869,7,-0.092
1869,8,-0.031
1869,9,0.035
1869,10,-0.576
1869,11,-0.292
1869,12,-1.128
1870,1,-0.621
1870,2,-1.135
1870,3,-0.703
1870,4,-0.702
1870,5,-0.078
1870,6,0.161
1870,7,0.192
1870,8,-0.457
1870,9,-0.187
1870,10,-0.672
1870,11,-0.581
1870,12,-1.591
1871,1,-1.214
1871,2,-1.415
1871,3,-0.525
1871,4,-0.109
1871,5,-0.553
1871,6,-0.402
1871,7,-0.121
1871,8,-0.019
1871,9,-0.498
1871,10,-0.407
1871,11,-1.141
1871,12,-0.823
1872,1,-1.019
1872,2,-0.913
1872,3,-0.464
1872,4,-0.689
1872,5,-0.160
1872,6,-0.424
1872,7,-0.102
1872,8,-0.076
1872,9,-0.230
1872,10,-0.287
1872,11,-0.881
1872,12,-1.322
1873,1,-0.728
1873,2,-0.066
1873,3,-0.618
1873,4,-0.992
1873,5,-0.278
1873,6,-0.064
1873,7,-0.079
1873,8,-0.098
1873,9,-0.680
1873,10,-0.263
1873,11,-0.435
1873,12,-0.104
1874,1,-0.119
1874,2,-0.199
1874,3,-1.160
1874,4,-0.301
1874,5,-0.088
1874,6,-0.132
1874,7,-0.269
1874,8,-0.055
1874,9,-0.067
1874,10,-0.326
1874,11,-0.435
1874,12,-0.426
1875,1,-1.208
1875,2,-0.926
1875,3,-1.021
1875,4,-0.860
1875,5,-0.600
1875,6,-0.324
1875,7,-0.217
1875,8,-0.475
1875,9,-0.797
1875,10,-0.856
1875,11,-1.584
1875,12,-1.107
1876,1,-0.796
1876,2,-0.625
1876,3,-0.609
1876,4,-0.397
1876,5,-0.716
1876,6,-0.420
1876,7,-0.127
1876,8,-0.436
1876,9,-0.434
1876,10,-0.560
1876,11,-1.125
1876,12,-1.655
1877,1,-0.481
1877,2,-0.311
1877,3,0.087
1877,4,-0.484
1877,5,-0.349
1877,6,-0.256
1877,7,0.291
1877,8,0.190
1877,9,-0.100
1877,10,-0.250
1877,11,0.164
1877,12,-0.814
1878,1,-0.724
1878,2,0.430
1878,3,1.269
1878,4,0.370
1878,5,-0.415
1878,6,0.237
1878,7,0.311
1878,8,0.207
1878,9,-0.038
1878,10,-0.141
1878,11,0.321
1878,12,-0.432
1879,1,-0.383
1879,2,-0.328
1879,3,-0.505
1879,4,-0.628
1879,5,-0.572
1879,6,-0.353
1879,7,-0.178
1879,8,-0.660
1879,9,-0.618
1879,10,-0.277
1879,11,-0.578
1879,12,-1.155
1880,1,-0.930
1880,2,-1.151
1880,3,-0.696
1880,4,-1.033
1880,5,-0.265
1880,6,-0.329
1880,7,-0.256
1880,8,-0.072
1880,9,-0.653
1880,10,-0.755
1880,11,-0.310
1880,12,-0.663
1881,1,-0.303
1881,2,-0.552
1881,3,-0.217
1881,4,-0.129
1881,5,-0.196
1881,6,-0.780
1881,7,-0.211
1881,8,-0.171
1881,9,-0.409
1881,10,-0.570
1881,11,-0.854
1881,12,-0.583
1882,1,0.278
1882,2,0.002
1882,3,-0.286
1882,4,-0.812
1882,5,-0.495
1882,6,-0.730
1882,7,-0.663
1882,8,-0.199
1882,9,-0.377
1882,10,-0.992
1882,11,-1.088
1882,12,-1.601
1883,1,-1.210
1883,2,-1.392
1883,3,-0.387
1883,4,-0.720
1883,5,-0.524
1883,6,-0.191
1883,7,-0.300
1883,8,-0.564
1883,9,-0.707
1883,10,-0.524
1883,11,-1.242
1883,12,-0.513
1884,1,-0.574
1884,2,-0.772
1884,3,-1.446
1884,4,-1.283
1884,5,-1.191
1884,6,-0.931
1884,7,-0.675
1884,8,-0.560
1884,9,-0.868
1884,10,-0.863
1884,11,-0.990
1884,12,-0.755
1885,1,-1.709
1885,2,-1.023
1885,3,-0.718
1885,4,-1.189
1885,5,-0.797
1885,6,-0.786
1885,7,-0.382
1885,8,-0.500
1885,9,-0.655
1885,10,-0.693
1885,11,-0.718
1885,12,-0.130
1886,1,-1.291
1886,2,-1.464
1886,3,-1.076
1886,4,-0.615
1886,5,-0.612
1886,6,-0.722
1886,7,-0.136
1886,8,-0.508
1886,9,-0.503
1886,10,-0.877
1886,11,-0.990
1886,12,-0.454
1887,1,-1.921
1887,2,-1.195
1887,3,-0.860
1887,4,-0.757
1887,5,-0.423
1887,6,-0.552
1887,7,-0.277
1887,8,-0.720
1887,9,-0.412
1887,10,-0.734
1887,11,-0.630
1887,12,-0.945
1888,1,-0.936
1888,2,-1.225
1888,3,-1.031
1888,4,-0.660
1888,5,-0.764
1888,6,-0.623
1888,7,-0.125
1888,8,-0.373
1888,9,-0.425
1888,10,-0.262
1888,11,-0.417
1888,12,-0.642
1889,1,-1.014
1889,2,0.153
1889,3,-0.032
1889,4,0.062
1889,5,-0.159
1889,6,-0.235
1889,7,-0.158
1889,8,-0.388
1889,9,-0.632
1889,10,-0.665
1889,11,-1.161
1889,12,-0.774
1890,1,-1.028
1890,2,-0.911
1890,3,-1.098
1890,4,-0.792
1890,5,-0.932
1890,6,-0.638
1890,7,-0.302
1890,8,-0.592
1890,9,-0.610
1890,10,-0.255
1890,11,-1.007
1890,12,-0.824
1891,1,-1.025
1891,2,-1.371
1891,3,-0.532
1891,4,-0.860
1891,5,-0.564
1891,6,-0.638
1891,7,-0.476
1891,8,-0.440
1891,9,-0.364
1891,10,-0.710
1891,11,-1.071
1891,12,-0.208
1892,1,-0.790
1892,2,-0.436
1892,3,-0.950
1892,4,-0.939
1892,5,-0.754
1892,6,-0.229
1892,7,-0.457
1892,8,-0.434
1892,9,-0.336
1892,10,-0.142
1892,11,-1.274
1892,12,-0.864
1893,1,-2.217
1893,2,-1.604
1893,3,-0.351
1893,4,-0.495
1893,5,-0.620
1893,6,-0.453
1893,7,-0.048
1893,8,-0.420
1893,9,-0.331
1893,10,-0.281
1893,11,-0.279
1893,12,-0.643
1894,1,-1.056
1894,2,-0.334
1894,3,-0.194
1894,4,-0.851
1894,5,-0.421
1894,6,-0.667
1894,7,-0.351
1894,8,-0.391
1894,9,-0.505
1894,10,-0.305
1894,11,-0.698
1894,12,-0.661
1895,1,-1.433
1895,2,-1.238
1895,3,-0.645
1895,4,-0.269
1895,5,-0.491
1895,6,-0.453
1895,7,-0.327
1895,8,-0.411
1895,9,-0.385
1895,10,-0.328
1895,11,-0.407
1895,12,-0.419
1896,1,-0.454
1896,2,-0.528
1896,3,-0.980
1896,4,-1.101
1896,5,-0.456
1896,6,-0.150
1896,7,-0.100
1896,8,-0.201
1896,9,-0.193
1896,10,0.032
1896,11,-0.785
1896,12,-0.459
1897,1,-0.830
1897,2,-0.767
1897,3,-0.958
1897,4,-0.228
1897,5,0.008
1897,6,-0.211
1897,7,0.023
1897,8,-0.135
1897,9,-0.133
1897,10,-0.137
1897,11,-0.520
1897,12,-0.614
1898,1,0.084
1898,2,-0.868
1898,3,-1.488
1898,4,-0.499
1898,5,-0.510
1898,6,-0.146
1898,7,-0.234
1898,8,-0.288
1898,9,-0.351
1898,10,-0.668
1898,11,-0.732
1898,12,-0.453
1899,1,-0.268
1899,2,-0.904
1899,3,-0.776
1899,4,-0.304
1899,5,-0.384
1899,6,-0.671
1899,7,-0.229
1899,8,-0.124
1899,9,0.024
1899,10,-0.060
1899,11,0.368
1899,12,-0.883
1900,1,-1.279
1900,2,-0.281
1900,3,0.146
1900,4,-0.232
1900,5,-0.010
1900,6,-0.179
1900,7,-0.170
1900,8,-0.041
1900,9,-0.123
1900,10,0.235
1900,11,-0.322
1900,12,-0.168
1901,1,-0.572
1901,2,-0.155
1901,3,0.301
1901,4,0.025
1901,5,-0.199
1901,6,-0.122
1901,7,-0.003
1901,8,-0.022
1901,9,-0.111
1901,10,-0.454
1901,11,-0.195
1901,12,-0.517
1902,1,-0.170
1902,2,0.338
1902,3,-0.456
1902,4,-0.538
1902,5,-0.453
1902,6,-0.302
1902,7,-0.167
1902,8,-0.305
1902,9,-0.380
1902,10,-0.708
1902,11,-0.998
1902,12,-1.131
1903,1,-0.252
1903,2,0.281
1903,3,-0.321
1903,4,-0.636
1903,5,-0.553
1903,6,-0.618
1903,7,-0.361
1903,8,-0.443
1903,9,-0.555
1903,10,-0.678
1903,11,-0.662
1903,12,-0.925
1904,1,-1.056
1904,2,-0.867
1904,3,-0.773
1904,4,-0.826
1904,5,-0.585
1904,6,-0.575
1904,7,-0.565
1904,8,-0.453
1904,9,-0.731
1904,10,-0.635
1904,11,0.029
1904,12,-0.525
1905,1,-0.422
1905,2,-1.354
1905,3,-0.712
1905,4,-0.748
1905,5,-0.387
1905,6,-0.412
1905,7,-0.308
1905,8,-0.311
1905,9,-0.287
1905,10,-0.370
1905,11,0.082
1905,12,-0.460
1906,1,-0.607
1906,2,-0.890
1906,3,-0.391
1906,4,0.145
1906,5,-0.095
1906,6,-0.127
1906,7,-0.207
1906,8,-0.184
1906,9,-0.331
1906,10,-0.171
1906,11,-0.707
1906,12,-0.046
1907,1,-0.900
1907,2,-1.105
1907,3,-0.698
1907,4,-0.902
1907,5,-1.000
1907,6,-0.785
1907,7,-0.621
1907,8,-0.519
1907,9,-0.425
1907,10,-0.193
1907,11,-0.955
1907,12,-0.892
1908,1,-0.485
1908,2,-0.469
1908,3,-1.159
1908,4,-0.633
1908,5,-0.253
1908,6,-0.264
1908,7,-0.199
1908,8,-0.497
1908,9,-0.157
1908,10,-0.609
1908,11,-0.899
1908,12,-0.787
1909,1,-1.352
1909,2,-0.582
1909,3,-0.679
1909,4,-0.943
1909,5,-0.757
1909,6,-0.572
1909,7,-0.329
1909,8,-0.110
1909,9,-0.183
1909,10,-0.227
1909,11,0.054
1909,12,-0.588
1910,1,-0.357
1910,2,-0.460
1910,3,-0.722
1910,4,-0.362
1910,5,-0.365
1910,6,-0.400
1910,7,-0.060
1910,8,-0.173
1910,9,-0.362
1910,10,-0.457
1910,11,-0.844
1910,12,-1.122
1911,1,-1.070
1911,2,-0.799
1911,3,-0.943
1911,4,-0.489
1911,5,-0.531
1911,6,-0.476
1911,7,-0.307
1911,8,-0.353
1911,9,-0.455
1911,10,-0.189
1911,11,-0.208
1911,12,-0.431
1912,1,-0.330
1912,2,0.088
1912,3,-0.934
1912,4,-0.223
1912,5,-0.113
1912,6,-0.132
1912,7,-0.639
1912,8,-0.788
1912,9,-0.846
1912,10,-1.081
1912,11,-0.640
1912,12,-0.785
1913,1,-0.617
1913,2,-0.802
1913,3,-0.778
1913,4,-0.433
1913,5,-0.596
1913,6,-0.509
1913,7,-0.215
1913,8,-0.117
1913,9,-0.340
1913,10,-0.370
1913,11,-0.148
1913,12,0.249
1914,1,0.673
1914,2,0.022
1914,3,-0.335
1914,4,-0.378
1914,5,-0.067
1914,6,-0.033
1914,7,-0.087
1914,8,-0.149
1914,9,-0.201
1914,10,-0.059
1914,11,-0.407
1914,12,-0.217
1915,1,-0.416
1915,2,0.084
1915,3,-0.146
1915,4,0.252
1915,5,0.154
1915,6,-0.224
1915,7,0.040
1915,8,-0.103
1915,9,-0.214
1915,10,-0.456
1915,11,0.013
1915,12,-0.174
1916,1,-0.108
1916,2,-0.281
1916,3,-0.443
1916,4,-0.407
1916,5,-0.376
1916,6,-0.575
1916,7,-0.319
1916,8,-0.279
1916,9,-0.378
1916,10,-0.390
1916,11,-0.591
1916,12,-1.497
1917,1,-0.537
1917,2,-0.794
1917,3,-0.820
1917,4,-0.606
1917,5,-0.922
1917,6,-0.607
1917,7,-0.124
1917,8,-0.418
1917,9,-0.360
1917,10,-0.880
1917,11,-0.303
1917,12,-1.538
1918,1,-0.788
1918,2,-0.755
1918,3,-0.452
1918,4,-0.804
1918,5,-0.776
1918,6,-0.574
1918,7,-0.375
1918,8,-0.444
1918,9,-0.178
1918,10,0.020
1918,11,-0.459
1918,12,-0.962
1919,1,-0.533
1919,2,-0.383
1919,3,-0.544
1919,4,0.043
1919,5,-0.351
1919,6,-0.288
1919,7,-0.111
1919,8,-0.026
1919,9,-0.090
1919,10,-0.066
1919,11,-0.631
1919,12,-0.599
1920,1,0.117
1920,2,-0.453
1920,3,-0.043
1920,4,-0.174
1920,5,-0.220
1920,6,-0.386
1920,7,-0.128
1920,8,-0.172
1920,9,-0.310
1920,10,-0.422
1920,11,-0.598
1920,12,-1.208
1921,1,0.274
1921,2,-0.112
1921,3,-0.256
1921,4,-0.141
1921,5,-0.088
1921,6,-0.066
1921,7,0.072
1921,8,-0.319
1921,9,-0.216
1921,10,-0.147
1921,11,-0.295
1921,12,-0.170
1922,1,-0.572
1922,2,-0.893
1922,3,-0.162
1922,4,-0.083
1922,5,-0.223
1922,6,-0.172
1922,7,-0.114
1922,8,-0.300
1922,9,-0.340
1922,10,-0.413
1922,11,-0.112
1922,12,-0.157
1923,1,-0.223
1923,2,-0.668
1923,3,-0.446
1923,4,-0.745
1923,5,-0.509
1923,6,-0.257
1923,7,-0.422
1923,8,-0.281
1923,9,-0.240
1923,10,0.058
1923,11,0.177
1923,12,0.066
1924,1,-0.359
1924,2,-0.329
1924,3,0.072
1924,4,-0.514
1924,5,-0.170
1924,6,-0.202
1924,7,-0.093
1924,8,-0.234
1924,9,-0.148
1924,10,-0.249
1924,11,0.205
1924,12,-0.379
1925,1,-0.441
1925,2,-0.539
1925,3,-0.152
1925,4,-0.045
1925,5,-0.305
1925,6,-0.439
1925,7,-0.300
1925,8,-0.108
1925,9,-0.149
1925,10,-0.289
1925,11,0.155
1925,12,0.545
1926,1,0.744
1926,2,0.470
1926,3,0.536
1926,4,-0.305
1926,5,-0.472
1926,6,-0.254
1926,7,-0.207
1926,8,0.013
1926,9,-0.030
1926,10,0.124
1926,11,0.140
1926,12,-0.471
1927,1,-0.374
1927,2,-0.198
1927,3,-0.640
1927,4,-0.467
1927,5,-0.223
1927,6,-0.233
1927,7,-0.043
1927,8,-0.164
1927,9,0.129
1927,10,0.436
1927,11,0.187
1927,12,-0.569
1928,1,0.299
1928,2,0.092
1928,3,-0.365
1928,4,-0.220
1928,5,-0.134
1928,6,-0.371
1928,7,-0.045
1928,8,-0.186
1928,9,-0.069
1928,10,0.044
1928,11,0.143
1928,12,0.031
1929,1,-0.652
1929,2,-1.107
1929,3,-0.160
1929,4,-0.369
1929,5,-0.412
1929,6,-0.560
1929,7,-0.396
1929,8,-0.195
1929,9,-0.301
1929,10,0.011
1929,11,-0.004
1929,12,-1.236
1930,1,-0.352
1930,2,-0.095
1930,3,0.208
1930,4,-0.301
1930,5,-0.236
1930,6,-0.159
1930,7,0.097
1930,8,0.059
1930,9,-0.228
1930,10,-0.197
1930,11,0.396
1930,12,-0.013
1931,1,-0.003
1931,2,-0.575
1931,3,-0.100
1931,4,-0.327
1931,5,-0.332
1931,6,0.072
1931,7,0.199
1931,8,0.234
1931,9,0.186
1931,10,0.503
1931,11,0.050
1931,12,0.168
1932,1,0.905
1932,2,-0.284
1932,3,-0.368
1932,4,0.289
1932,5,-0.123
1932,6,-0.111
1932,7,0.011
1932,8,-0.110
1932,9,0.220
1932,10,0.258
1932,11,-0.272
1932,12,-0.285
1933,1,-0.534
1933,2,-0.578
1933,3,-0.435
1933,4,-0.328
1933,5,-0.284
1933,6,-0.378
1933,7,-0.115
1933,8,-0.098
1933,9,-0.227
1933,10,-0.181
1933,11,-0.276
1933,12,-0.708
1934,1,-0.226
1934,2,0.466
1934,3,-0.481
1934,4,-0.455
1934,5,0.146
1934,6,-0.079
1934,7,-0.003
1934,8,-0.056
1934,9,-0.322
1934,10,0.041
1934,11,0.253
1934,12,0.209
1935,1,-0.481
1935,2,0.901
1935,3,0.125
1935,4,-0.691
1935,5,-0.431
1935,6,-0.146
1935,7,0.000
1935,8,-0.073
1935,9,-0.062
1935,10,0.112
1935,11,-0.712
1935,12,-0.358
1936,1,-0.440
1936,2,-0.728
1936,3,-0.258
1936,4,-0.313
1936,5,-0.074
1936,6,-0.129
1936,7,0.287
1936,8,0.014
1936,9,-0.039
1936,10,0.074
1936,11,0.099
1936,12,0.157
1937,1,-0.230
1937,2,0.345
1937,3,-0.446
1937,4,-0.314
1937,5,0.050
1937,6,0.110
1937,7,0.039
1937,8,0.168
1937,9,0.352
1937,10,0.364
1937,11,0.205
1937,12,-0.305
1938,1,0.243
1938,2,0.200
1938,3,0.342
1938,4,0.496
1938,5,0.138
1938,6,-0.174
1938,7,0.129
1938,8,0.101
1938,9,0.371
1938,10,0.378
1938,11,0.408
1938,12,-0.263
1939,1,0.238
1939,2,0.044
1939,3,-0.357
1939,4,-0.121
1939,5,0.195
1939,6,0.029
1939,7,0.046
1939,8,0.079
1939,9,-0.120
1939,10,-0.175
1939,11,0.039
1939,12,1.186
1940,1,-0.384
1940,2,0.187
1940,3,0.114
1940,4,0.312
1940,5,-0.002
1940,6,0.101
1940,7,0.212
1940,8,-0.019
1940,9,0.206
1940,10,0.073
1940,11,-0.063
1940,12,0.361
1941,1,0.040
1941,2,0.430
1941,3,-0.085
1941,4,0.136
1941,5,0.175
1941,6,0.151
1941,7,0.350
1941,8,0.190
1941,9,-0.246
1941,10,0.312
1941,11,-0.190
1941,12,-0.078
1942,1,0.409
1942,2,-0.353
1942,3,0.031
1942,4,-0.009
1942,5,0.031
1942,6,0.105
1942,7,-0.100
1942,8,-0.037
1942,9,0.084
1942,10,0.232
1942,11,0.268
1942,12,0.170
1943,1,-0.306
1943,2,0.279
1943,3,-0.172
1943,4,0.192
1943,5,0.163
1943,6,-0.328
1943,7,0.111
1943,8,-0.076
1943,9,0.032
1943,10,0.501
1943,11,0.100
1943,12,0.444
1944,1,0.831
1944,2,0.364
1944,3,0.252
1944,4,-0.041
1944,5,0.039
1944,6,-0.006
1944,7,0.107
1944,8,0.173
1944,9,0.388
1944,10,0.414
1944,11,-0.042
1944,12,-0.339
1945,1,-0.156
1945,2,-0.602
1945,3,-0.121
1945,4,0.223
1945,5,-0.225
1945,6,-0.152
1945,7,-0.129
1945,8,0.458
1945,9,0.167
1945,10,0.196
1945,11,-0.069
1945,12,-0.646
1946,1,0.255
1946,2,0.227
1946,3,-0.051
1946,4,0.383
1946,5,0.033
1946,6,-0.171
1946,7,0.076
1946,8,-0.019
1946,9,-0.004
1946,10,-0.106
1946,11,0.107
1946,12,-0.662
1947,1,-0.116
1947,2,0.048
1947,3,0.506
1947,4,0.253
1947,5,0.015
1947,6,-0.018
1947,7,0.002
1947,8,-0.012
1947,9,0.114
1947,10,0.640
1947,11,0.245
1947,12,-0.143
1948,1,0.660
1948,2,-0.016
1948,3,-0.390
1948,4,0.053
1948,5,0.215
1948,6,0.188
1948,7,0.109
1948,8,0.044
1948,9,0.097
1948,10,0.193
1948,11,0.054
1948,12,-0.318
1949,1,0.500
1949,2,-0.488
1949,3,-0.240
1949,4,-0.117
1949,5,0.007
1949,6,-0.259
1949,7,-0.135
1949,8,-0.021
1949,9,-0.105
1949,10,0.136
1949,11,0.007
1949,12,-0.360
1950,1,-0.726
1950,2,-0.541
1950,3,-0.080
1950,4,-0.348
1950,5,-0.017
1950,6,-0.098
1950,7,-0.200
1950,8,-0.388
1950,9,-0.109
1950,10,-0.226
1950,11,-0.746
1950,12,-0.267
1951,1,-0.593
1951,2,-0.927
1951,3,-0.227
1951,4,-0.085
1951,5,0.128
1951,6,-0.231
1951,7,-0.033
1951,8,0.170
1951,9,0.271
1951,10,0.295
1951,11,0.114
1951,12,0.537
1952,1,0.329
1952,2,0.147
1952,3,-0.337
1952,4,0.009
1952,5,0.041
1952,6,-0.022
1952,7,0.220
1952,8,0.133
1952,9,0.185
1952,10,-0.230
1952,11,-0.702
1952,12,-0.141
1953,1,0.244
1953,2,0.407
1953,3,0.429
1953,4,0.437
1953,5,0.216
1953,6,0.145
1953,7,0.047
1953,8,0.221
1953,9,0.150
1953,10,0.214
1953,11,-0.201
1953,12,0.206
1954,1,-0.663
1954,2,-0.209
1954,3,-0.152
1954,4,-0.288
1954,5,-0.324
1954,6,-0.065
1954,7,-0.096
1954,8,0.037
1954,9,0.046
1954,10,0.171
1954,11,0.462
1954,12,-0.255
1955,1,0.687
1955,2,-0.096
1955,3,-0.712
1955,4,-0.312
1955,5,-0.110
1955,6,0.096
1955,7,-0.086
1955,8,0.449
1955,9,-0.103
1955,10,0.356
1955,11,-0.150
1955,12,-0.485
1956,1,-0.262
1956,2,-0.456
1956,3,-0.398
1956,4,-0.528
1956,5,-0.575
1956,6,-0.291
1956,7,-0.148
1956,8,-0.652
1956,9,-0.253
1956,10,-0.445
1956,11,-0.381
1956,12,-0.223
1957,1,-0.237
1957,2,-0.122
1957,3,-0.246
1957,4,-0.095
1957,5,-0.065
1957,6,0.315
1957,7,-0.208
1957,8,0.245
1957,9,0.376
1957,10,0.106
1957,11,0.263
1957,12,0.531
1958,1,0.845
1958,2,0.464
1958,3,0.164
1958,4,0.066
1958,5,0.213
1958,6,-0.263
1958,7,0.113
1958,8,-0.258
1958,9,-0.224
1958,10,-0.001
1958,11,0.129
1958,12,0.016
1959,1,0.234
1959,2,0.092
1959,3,0.554
1959,4,0.367
1959,5,0.016
1959,6,0.114
1959,7,0.121
1959,8,0.003
1959,9,-0.117
1959,10,-0.217
1959,11,-0.376
1959,12,-0.039
1960,1,-0.015
1960,2,0.551
1960,3,-0.987
1960,4,-0.293
1960,5,-0.385
1960,6,0.044
1960,7,-0.134
1960,8,0.001
1960,9,0.005
1960,10,0.122
1960,11,-0.297
1960,12,0.453
1961,1,0.197
1961,2,0.430
1961,3,0.290
1961,4,0.206
1961,5,0.319
1961,6,0.236
1961,7,-0.041
1961,8,-0.047
1961,9,0.190
1961,10,-0.067
1961,11,0.090
1961,12,-0.292
1962,1,0.269
1962,2,0.448
1962,3,0.248
1962,4,0.082
1962,5,-0.168
1962,6,-0.018
1962,7,-0.117
1962,8,-0.125
1962,9,-0.134
1962,10,0.077
1962,11,0.174
1962,12,0.144
1963,1,0.177
1963,2,0.793
1963,3,-0.173
1963,4,-0.297
1963,5,-0.263
1963,6,-0.045
1963,7,0.181
1963,8,0.474
1963,9,0.498
1963,10,0.556
1963,11,0.460
1963,12,-0.044
1964,1,0.148
1964,2,-0.236
1964,3,-0.414
1964,4,-0.529
1964,5,-0.394
1964,6,-0.016
1964,7,-0.015
1964,8,-0.176
1964,9,-0.445
1964,10,-0.553
1964,11,-0.122
1964,12,-0.353
1965,1,0.137
1965,2,-0.211
1965,3,-0.091
1965,4,-0.452
1965,5,-0.083
1965,6,-0.142
1965,7,-0.187
1965,8,-0.032
1965,9,-0.315
1965,10,0.099
1965,11,-0.229
1965,12,-0.025
1966,1,-0.222
1966,2,0.059
1966,3,0.242
1966,4,-0.264
1966,5,-0.081
1966,6,0.244
1966,7,0.257
1966,8,-0.115
1966,9,0.070
1966,10,-0.222
1966,11,-0.141
1966,12,-0.410
1967,1,-0.005
1967,2,-0.344
1967,3,0.103
1967,4,0.030
1967,5,0.381
1967,6,-0.246
1967,7,0.037
1967,8,-0.030
1967,9,0.000
1967,10,0.418
1967,11,0.057
1967,12,0.135
1968,1,-0.359
1968,2,0.004
1968,3,0.858
1968,4,0.014
1968,5,-0.212
1968,6,-0.230
1968,7,-0.251
1968,8,-0.303
1968,9,-0.482
1968,10,0.070
1968,11,-0.194
1968,12,-0.536
1969,1,-0.761
1969,2,-0.809
1969,3,-0.146
1969,4,0.136
1969,5,0.064
1969,6,0.030
1969,7,-0.065
1969,8,-0.009
1969,9,-0.000
1969,10,0.111
1969,11,0.326
1969,12,0.413
1970,1,0.112
1970,2,0.509
1970,3,-0.003
1970,4,0.160
1970,5,-0.078
1970,6,0.083
1970,7,0.075
1970,8,-0.149
1970,9,0.231
1970,10,-0.016
1970,11,-0.036
1970,12,-0.259
1971,1,0.250
1971,2,-0.365
1971,3,-0.267
1971,4,-0.096
1971,5,-0.072
1971,6,-0.349
1971,7,-0.189
1971,8,0.094
1971,9,0.154
1971,10,0.013
1971,11,0.199
1971,12,0.086
1972,1,-0.847
1972,2,-0.636
1972,3,0.017
1972,4,-0.085
1972,5,-0.124
1972,6,0.072
1972,7,-0.092
1972,8,0.356
1972,9,-0.083
1972,10,-0.022
1972,11,-0.281
1972,12,-0.003
1973,1,0.326
1973,2,0.671
1973,3,0.480
1973,4,0.500
1973,5,0.499
1973,6,0.382
1973,7,0.111
1973,8,-0.004
1973,9,0.068
1973,10,0.226
1973,11,0.123
1973,12,0.036
1974,1,-0.466
1974,2,-0.641
1974,3,-0.077
1974,4,-0.054
1974,5,-0.086
1974,6,-0.066
1974,7,-0.027
1974,8,0.179
1974,9,-0.341
1974,10,-0.280
1974,11,-0.170
1974,12,-0.246
1975,1,0.336
1975,2,0.161
1975,3,0.440
1975,4,0.143
1975,5,0.455
1975,6,0.169
1975,7,0.059
1975,8,-0.375
1975,9,0.134
1975,10,-0.058
1975,11,-0.199
1975,12,-0.139
1976,1,0.174
1976,2,-0.190
1976,3,-0.752
1976,4,-0.147
1976,5,-0.327
1976,6,-0.356
1976,7,-0.149
1976,8,-0.227
1976,9,-0.163
1976,10,-0.861
1976,11,-0.441
1976,12,-0.097
1977,1,-0.224
1977,2,0.248
1977,3,0.455
1977,4,0.462
1977,5,0.504
1977,6,0.443
1977,7,0.333
1977,8,0.314
1977,9,-0.173
1977,10,-0.211
1977,11,0.451
1977,12,-0.031
1978,1,-0.011
1978,2,0.229
1978,3,0.374
1978,4,0.376
1978,5,0.112
1978,6,-0.219
1978,7,0.044
1978,8,-0.523
1978,9,-0.005
1978,10,-0.028
1978,11,0.256
1978,12,-0.038
1979,1,-0.037
1979,2,-0.378
1979,3,0.223
1979,4,0.038
1979,5,-0.090
1979,6,0.047
1979,7,-0.197
1979,8,0.010
1979,9,0.181
1979,10,0.220
1979,11,0.204
1979,12,0.822
1980,1,0.235
1980,2,0.408
1980,3,0.107
1980,4,0.496
1980,5,0.486
1980,6,0.138
1980,7,0.438
1980,8,0.339
1980,9,0.279
1980,10,0.157
1980,11,0.612
1980,12,0.237
1981,1,1.112
1981,2,0.794
1981,3,0.979
1981,4,0.554
1981,5,0.287
1981,6,0.318
1981,7,0.408
1981,8,0.685
1981,9,0.134
1981,10,0.019
1981,11,0.187
1981,12,0.739
1982,1,-0.156
1982,2,0.081
1982,3,-0.366
1982,4,0.063
1982,5,0.083
1982,6,-0.201
1982,7,0.249
1982,8,-0.019
1982,9,-0.002
1982,10,-0.121
1982,11,-0.122
1982,12,0.552
1983,1,0.727
1983,2,0.691
1983,3,0.446
1983,4,0.288
1983,5,0.471
1983,6,0.039
1983,7,0.097
1983,8,0.479
1983,9,0.654
1983,10,0.103
1983,11,0.688
1983,12,0.084
1984,1,0.267
1984,2,-0.106
1984,3,0.398
1984,4,0.061
1984,5,0.721
1984,6,0.042
1984,7,0.129
1984,8,0.125
1984,9,-0.042
1984,10,0.017
1984,11,-0.321
1984,12,-0.606
1985,1,0.296
1985,2,-0.502
1985,3,0.218
1985,4,0.194
1985,5,0.141
1985,6,0.125
1985,7,-0.330
1985,8,0.257
1985,9,-0.065
1985,10,-0.042
1985,11,-0.127
1985,12,0.026
1986,1,0.593
1986,2,0.802
1986,3,0.554
1986,4,0.496
1986,5,0.303
1986,6,0.006
1986,7,-0.002
1986,8,0.177
1986,9,-0.164
1986,10,-0.069
1986,11,-0.162
1986,12,-0.022
1987,1,0.435
1987,2,0.923
1987,3,-0.002
1987,4,0.185
1987,5,0.237
1987,6,0.475
1987,7,0.602
1987,8,0.081
1987,9,0.443
1987,10,0.231
1987,11,-0.015
1987,12,0.725
1988,1,0.734
1988,2,0.209
1988,3,0.668
1988,4,0.568
1988,5,0.565
1988,6,0.643
1988,7,0.475
1988,8,0.753
1988,9,0.661
1988,10,0.617
1988,11,0.201
1988,12,0.593
1989,1,0.005
1989,2,0.415
1989,3,0.554
1989,4,0.278
1989,5,-0.006
1989,6,0.032
1989,7,0.316
1989,8,0.331
1989,9,0.369
1989,10,0.398
1989,11,0.097
1989,12,0.652
1990,1,0.525
1990,2,0.475
1990,3,1.513
1990,4,0.735
1990,5,0.545
1990,6,0.454
1990,7,0.484
1990,8,0.312
1990,9,0.204
1990,10,0.467
1990,11,0.830
1990,12,0.644
1991,1,0.520
1991,2,0.823
1991,3,0.289
1991,4,0.803
1991,5,0.337
1991,6,0.807
1991,7,0.675
1991,8,0.502
1991,9,0.635
1991,10,0.387
1991,11,0.326
1991,12,0.264
1992,1,0.872
1992,2,0.698
1992,3,0.726
1992,4,0.153
1992,5,0.242
1992,6,0.118
1992,7,-0.153
1992,8,-0.048
1992,9,-0.387
1992,10,-0.050
1992,11,-0.213
1992,12,0.283
1993,1,0.558
1993,2,0.528
1993,3,0.678
1993,4,0.256
1993,5,0.206
1993,6,0.068
1993,7,0.288
1993,8,0.040
1993,9,-0.098
1993,10,0.231
1993,11,-0.361
1993,12,0.246
1994,1,0.288
1994,2,-0.435
1994,3,0.475
1994,4,0.582
1994,5,0.398
1994,6,0.677
1994,7,0.366
1994,8,0.167
1994,9,0.469
1994,10,0.621
1994,11,0.663
1994,12,0.300
1995,1,0.832
1995,2,1.410
1995,3,0.704
1995,4,0.550
1995,5,0.261
1995,6,0.704
1995,7,0.795
1995,8,0.814
1995,9,0.539
1995,10,0.716
1995,11,0.645
1995,12,0.325
1996,1,0.143
1996,2,0.751
1996,3,0.258
1996,4,0.262
1996,5,0.289
1996,6,0.226
1996,7,0.511
1996,8,0.768
1996,9,0.247
1996,10,0.134
1996,11,0.447
1996,12,0.528
1997,1,0.434
1997,2,0.540
1997,3,0.740
1997,4,0.450
1997,5,0.296
1997,6,0.669
1997,7,0.242
1997,8,0.422
1997,9,0.633
1997,10,0.729
1997,11,0.728
1997,12,0.630
1998,1,0.630
1998,2,1.600
1998,3,0.771
1998,4,0.954
1998,5,0.995
1998,6,1.051
1998,7,1.003
1998,8,1.054
1998,9,0.611
1998,10,0.563
1998,11,0.279
1998,12,0.860
1999,1,0.792
1999,2,1.453
1999,3,0.266
1999,4,0.418
1999,5,0.427
1999,6,0.584
1999,7,0.538
1999,8,0.528
1999,9,0.658
1999,10,0.615
1999,11,0.482
1999,12,0.768
2000,1,0.203
2000,2,0.952
2000,3,0.967
2000,4,1.129
2000,5,0.607
2000,6,0.607
2000,7,0.526
2000,8,0.707
2000,9,0.506
2000,10,0.096
2000,11,0.216
2000,12,0.049
2001,1,0.584
2001,2,0.497
2001,3,0.975
2001,4,0.816
2001,5,1.004
2001,6,0.654
2001,7,0.844
2001,8,0.599
2001,9,0.694
2001,10,0.529
2001,11,1.188
2001,12,0.698
2002,1,1.287
2002,2,1.463
2002,3,1.514
2002,4,0.804
2002,5,0.963
2002,6,0.613
2002,7,1.024
2002,8,0.725
2002,9,0.895
2002,10,0.582
2002,11,0.786
2002,12,0.204
2003,1,1.221
2003,2,0.850
2003,3,0.776
2003,4,0.718
2003,5,0.877
2003,6,0.537
2003,7,0.641
2003,8,0.858
2003,9,0.858
2003,10,1.005
2003,11,0.610
2003,12,1.324
2004,1,0.788
2004,2,1.260
2004,3,1.075
2004,4,0.835
2004,5,0.287
2004,6,0.440
2004,7,-0.016
2004,8,0.373
2004,9,0.580
2004,10,0.737
2004,11,1.212
2004,12,0.484
2005,1,1.072
2005,2,0.695
2005,3,1.281
2005,4,1.230
2005,5,0.950
2005,6,1.015
2005,7,0.858
2005,8,0.681
2005,9,1.144
2005,10,1.170
2005,11,1.300
2005,12,1.088
2006,1,0.552
2006,2,1.172
2006,3,1.045
2006,4,0.603
2006,5,0.481
2006,6,0.966
2006,7,0.682
2006,8,1.042
2006,9,0.819
2006,10,0.872
2006,11,0.821
2006,12,1.172
2007,1,1.812
2007,2,0.978
2007,3,1.218
2007,4,1.399
2007,5,1.225
2007,6,0.847
2007,7,0.878
2007,8,0.942
2007,9,0.887
2007,10,0.933
2007,11,0.957
2007,12,0.720
2008,1,0.091
2008,2,0.325
2008,3,1.635
2008,4,0.879
2008,5,0.764
2008,6,0.689
2008,7,0.816
2008,8,0.530
2008,9,0.730
2008,10,1.000
2008,11,1.096
2008,12,0.553
2009,1,0.936
2009,2,0.833
2009,3,0.794
2009,4,0.910
2009,5,0.817
2009,6,0.752
2009,7,0.869
2009,8,0.795
2009,9,1.078
2009,10,0.711
2009,11,0.908
2009,12,0.486
2010,1,0.996
2010,2,1.124
2010,3,1.454
2010,4,1.228
2010,5,1.105
2010,6,0.952
2010,7,0.836
2010,8,0.904
2010,9,0.794
2010,10,1.038
2010,11,1.339
2010,12,0.452
2011,1,0.528
2011,2,0.483
2011,3,0.813
2011,4,1.035
2011,5,0.700
2011,6,0.909
2011,7,1.135
2011,8,1.141
2011,9,0.829
2011,10,0.939
2011,11,0.685
2011,12,0.831
2012,1,0.421
2012,2,0.379
2012,3,0.735
2012,4,1.200
2012,5,1.305
2012,6,0.967
2012,7,0.631
2012,8,0.853
2012,9,0.964
2012,10,0.973
2012,11,1.067
2012,12,0.323
2013,1,1.016
2013,2,0.967
2013,3,0.933
2013,4,0.531
2013,5,0.813
2013,6,1.088
2013,7,0.671
2013,8,0.919
2013,9,1.950
